Lulita,Pohling,lpohling0@trellian.com,campervan,Ursus americanus,27
Hunter,Kettridge,hkettridge1@opera.com,bicycle,Canis aureus,29
Mureil,Harteley,mharteley2@marriott.com,campervan,Sciurus vulgaris,35
Benedikt,Poplee,bpoplee3@chron.com,campervan,Alcelaphus buselaphus caama,39
Wald,Yearnes,wyearnes4@facebook.com,sailboat,Macropus agilis,23
Carla,MacGee,cmacgee5@omniture.com,RV,Nyctereutes procyonoides,39
Osborne,Bricksey,obricksey6@miitbeian.gov.cn,RV,Meles meles,76
Wes,MacCarrane,wmaccarrane7@google.cn,sailboat,Corvus albicollis,96
Cherida,Louche,clouche8@nytimes.com,bicycle,Felis serval,69
Solly,Willingham,swillingham9@qq.com,motorboat,Alopochen aegyptiacus,87
Ezechiel,Itzik,eitzika@hud.gov,bicycle,Laniaurius atrococcineus,77
Kelsy,Dunk,kdunkb@yale.edu,bicycle,Meleagris gallopavo,91
Kristopher,Popescu,kpopescuc@amazon.com,motorboat,Spheniscus mendiculus,37
Sheila-kathryn,Ivashev,sivashevd@bloglovin.com,campervan,Dasyurus viverrinus,98
Hershel,Juza,hjuzae@ucsd.edu,motorboat,Tyto novaehollandiae,77
Natka,Cassius,ncassiusf@amazonaws.com,campervan,Macropus eugenii,82
Almira,Maffioni,amaffionig@google.it,RV,Zosterops pallidus,60
Emmie,Meuse,emeuseh@sphinn.com,motorboat,Giraffe camelopardalis,67
Demetra,McArley,dmcarleyi@nydailynews.com,bicycle,Paraxerus cepapi,77
Leigh,Byatt,lbyattj@businesswire.com,bicycle,Sylvicapra grimma,82
Ambrosio,Bagnell,abagnellk@bloglines.com,motorboat,Tadorna tadorna,33
Warde,Peert,wpeertl@linkedin.com,bicycle,Calyptorhynchus magnificus,86
Iorgos,Henstridge,ihenstridgem@kickstarter.com,motorboat,Psittacula krameri,24
Loutitia,Churchward,lchurchwardn@ifeng.com,bicycle,Terathopius ecaudatus,91
Lamar,Angrove,langroveo@slashdot.org,motorboat,Motacilla aguimp,95
Fair,Maciocia,fmaciociap@mapquest.com,sailboat,Propithecus verreauxi,21
Tobe,Leicester,tleicesterq@whitehouse.gov,campervan,Dendrohyrax brucel,67
Cathi,Tillerton,ctillertonr@gravatar.com,campervan,Phoenicopterus ruber,56
Hermie,Franscioni,hfranscionis@elpais.com,campervan,Tiliqua scincoides,55
Padraig,Reinisch,preinischt@digg.com,campervan,Didelphis virginiana,71
Fanny,Corkan,fcorkanu@timesonline.co.uk,bicycle,Ratufa indica,86
Emile,Ligerton,eligertonv@mozilla.org,RV,Rhea americana,6
Gray,Nunnerley,gnunnerleyw@house.gov,RV,Catharacta skua,22
Bartlett,Buske,bbuskex@theatlantic.com,sailboat,Mirounga leonina,2
Herta,Peperell,hpeperelly@chron.com,bicycle,Tetracerus quadricornis,66
Lisle,Astling,lastlingz@paypal.com,bicycle,Sylvicapra grimma,95
Clair,Yansons,cyansons10@cam.ac.uk,RV,Phalaropus lobatus,48
Orella,Meeson,omeeson11@ox.ac.uk,motorboat,Melanerpes erythrocephalus,68
Rozanna,Hickin,rhickin12@liveinternet.ru,motorboat,Phoenicopterus chilensis,14
Germayne,Sharpin,gsharpin13@tinyurl.com,motorboat,Upupa epops,30
Mercedes,Bartolomeu,mbartolomeu14@shareasale.com,campervan,Laniarius ferrugineus,93
Chevalier,D'Ugo,cdugo15@cdc.gov,sailboat,unavailable,88
Bernie,McElree,bmcelree16@usda.gov,sailboat,Lepus townsendii,100
Hartwell,Lewin,hlewin17@goo.gl,bicycle,Crocodylus niloticus,93
Conrad,Sloam,csloam18@tumblr.com,motorboat,Ratufa indica,86
Theadora,Conachy,tconachy19@myspace.com,motorboat,Psophia viridis,88
Gary,Treadgold,gtreadgold1a@ibm.com,sailboat,Geochelone radiata,81
Allin,Incogna,aincogna1b@sogou.com,RV,Lycaon pictus,59
Ruben,Pleasance,rpleasance1c@multiply.com,RV,Dolichitus patagonum,72
Joachim,Amberger,jamberger1d@xing.com,sailboat,Castor fiber,37
Kean,Pinard,kpinard1e@discuz.net,motorboat,Ardea cinerea,79
Daron,Rumbellow,drumbellow1f@purevolume.com,campervan,Anthropoides paradisea,81
Ainsley,Gilloran,agilloran1g@bluehost.com,RV,Plegadis ridgwayi,65
Timoteo,Di Biasi,tdibiasi1h@go.com,sailboat,Papio cynocephalus,73
Lauryn,Yakebowitch,lyakebowitch1i@ucoz.com,motorboat,Laniarius ferrugineus,43
Dewey,Baynard,dbaynard1j@hud.gov,sailboat,Globicephala melas,85
Erna,Huntingford,ehuntingford1k@g.co,RV,Eolophus roseicapillus,38
Carlo,Martinovic,cmartinovic1l@dion.ne.jp,sailboat,Papio cynocephalus,41
Jose,Whitworth,jwhitworth1m@so-net.ne.jp,RV,Melophus lathami,13
Liana,Duncklee,lduncklee1n@home.pl,campervan,Macaca mulatta,31
Tabbie,Enrich,tenrich1o@mozilla.com,campervan,Parus atricapillus,73
Chloris,Little,clittle1p@microsoft.com,bicycle,Francolinus swainsonii,68
Kirsti,Kingsford,kkingsford1q@google.it,sailboat,Globicephala melas,32
Camey,Cansdale,ccansdale1r@sakura.ne.jp,campervan,Erinaceus frontalis,52
Carlin,Randales,crandales1s@facebook.com,RV,Terathopius ecaudatus,25
Illa,Claypoole,iclaypoole1t@photobucket.com,motorboat,Eremophila alpestris,85
Rafaela,Scamaden,rscamaden1u@opensource.org,bicycle,Aonyx cinerea,95
Kylen,Angeli,kangeli1v@bloomberg.com,campervan,Coluber constrictor,70
Zaria,Truckell,ztruckell1w@ihg.com,sailboat,Potorous tridactylus,17
Gage,Iannazzi,giannazzi1x@cmu.edu,sailboat,Meleagris gallopavo,51
Harley,Gath,hgath1y@hhs.gov,RV,Genetta genetta,37
Lyndsey,Dankov,ldankov1z@zdnet.com,motorboat,Myiarchus tuberculifer,40
Herminia,Kloss,hkloss20@umn.edu,sailboat,Lepus townsendii,44
Maurene,Powney,mpowney21@flickr.com,sailboat,Bucephala clangula,13
Virgil,Hemphall,vhemphall22@aboutads.info,bicycle,Camelus dromedarius,46
Abby,Gladding,agladding23@nifty.com,RV,Centrocercus urophasianus,83
Annmaria,Brangan,abrangan24@addtoany.com,campervan,Alectura lathami,50
Clayson,Raye,craye25@oaic.gov.au,motorboat,Spizaetus coronatus,93
Carolus,Byron,cbyron26@over-blog.com,RV,Morelia spilotes variegata,13
Marcelia,D'eath,mdeath27@utexas.edu,motorboat,Speotyte cuniculata,52
Carleton,Espinos,cespinos28@sourceforge.net,motorboat,Damaliscus dorcas,46
Brenn,Danford,bdanford29@cbslocal.com,campervan,Nectarinia chalybea,18
Tuckie,Bickle,tbickle2a@tinyurl.com,campervan,Alcelaphus buselaphus cokii,85
Joe,Offa,joffa2b@digg.com,RV,Varanus sp.,99
Jeno,Luipold,jluipold2c@lycos.com,campervan,Spheniscus magellanicus,46
Silvanus,Drysdell,sdrysdell2d@taobao.com,RV,Agkistrodon piscivorus,95
Nicholas,Catherick,ncatherick2e@deviantart.com,campervan,Psophia viridis,92
Morris,Nalder,mnalder2f@admin.ch,campervan,Eubalaena australis,21
Annamaria,Devo,adevo2g@chronoengine.com,sailboat,Suricata suricatta,81
Juditha,Rozsa,jrozsa2h@oracle.com,campervan,Gopherus agassizii,85
Angelia,Pane,apane2i@tuttocitta.it,motorboat,Gyps fulvus,62
Suellen,Drinan,sdrinan2j@networkadvertising.org,motorboat,Parus atricapillus,84
Andrei,Starrs,astarrs2k@prweb.com,motorboat,Macaca nemestrina,99
Vasily,Gumby,vgumby2l@mediafire.com,motorboat,Cyrtodactylus louisiadensis,20
Dewey,Clooney,dclooney2m@ning.com,RV,Libellula quadrimaculata,49
Gretna,Bishop,gbishop2n@xing.com,sailboat,Papio ursinus,9
Conway,Maplesden,cmaplesden2o@macromedia.com,sailboat,Ciconia episcopus,76
Roderich,Heatlie,rheatlie2p@soundcloud.com,motorboat,Cracticus nigroagularis,85
Irene,Barensen,ibarensen2q@blog.com,campervan,Castor fiber,91
Demetria,Boshier,dboshier2r@storify.com,sailboat,Tenrec ecaudatus,29
Hailey,Tomczykowski,htomczykowski2s@sohu.com,sailboat,Eubalaena australis,65
Trixy,Worster,tworster2t@scribd.com,sailboat,Centrocercus urophasianus,40
Alejandro,Boulger,aboulger2u@last.fm,motorboat,Lamprotornis nitens,46
Kiah,Alcoran,kalcoran2v@addtoany.com,motorboat,Corvus brachyrhynchos,82
Gretal,Ashley,gashley2w@blogtalkradio.com,RV,Macaca mulatta,100
Spike,Wrotham,swrotham2x@tmall.com,bicycle,Tadorna tadorna,99
Linette,Kaines,lkaines2y@opensource.org,bicycle,Colaptes campestroides,66
Sollie,Trustrie,strustrie2z@webs.com,campervan,Eudyptula minor,95
Meredith,Tilby,mtilby30@unicef.org,motorboat,Cochlearius cochlearius,66
Maryjane,Dearing,mdearing31@trellian.com,RV,Felis caracal,63
Reg,Martindale,rmartindale32@cdbaby.com,sailboat,Dasypus novemcinctus,70
Court,Cana,ccana33@ed.gov,campervan,Boa caninus,72
Rena,Butt,rbutt34@1und1.de,campervan,Vulpes vulpes,31
Renell,Purple,rpurple35@tamu.edu,motorboat,Cordylus giganteus,70
Alexis,Salle,asalle36@usda.gov,sailboat,Myiarchus tuberculifer,57
Tulley,Zorener,tzorener37@jugem.jp,sailboat,Haliaetus vocifer,44
Kile,Moralee,kmoralee38@sciencedirect.com,sailboat,Bassariscus astutus,75
Jeane,Dyton,jdyton39@princeton.edu,campervan,Naja haje,77
Marybeth,Lanmeid,mlanmeid3a@baidu.com,motorboat,unavailable,100
Arlyne,Brislane,abrislane3b@skyrock.com,campervan,Cervus elaphus,28
Darsey,Tollett,dtollett3c@google.co.uk,motorboat,Lutra canadensis,43
Darn,Matthisson,dmatthisson3d@google.de,sailboat,Sciurus niger,34
Standford,Hecks,shecks3e@dagondesign.com,sailboat,Meles meles,28
Nert,Tomsett,ntomsett3f@51.la,sailboat,Ovis dalli stonei,80
Brianne,Gunderson,bgunderson3g@reddit.com,bicycle,Pseudocheirus peregrinus,37
Tristam,Tarborn,ttarborn3h@google.cn,bicycle,Ovis ammon,7
Fanechka,Duffield,fduffield3i@chronoengine.com,sailboat,Procyon cancrivorus,73
Marv,Kingsnorth,mkingsnorth3j@bing.com,bicycle,Larus sp.,35
Nanon,Andretti,nandretti3k@globo.com,sailboat,Antidorcas marsupialis,2
Manda,McNamee,mmcnamee3l@live.com,sailboat,Pseudocheirus peregrinus,100
Sela,O'Kielt,sokielt3m@photobucket.com,motorboat,Eumetopias jubatus,33
Keir,Schettini,kschettini3n@nationalgeographic.com,sailboat,Myiarchus tuberculifer,31
Cicely,Woodeson,cwoodeson3o@prlog.org,sailboat,Ctenophorus ornatus,38
Kelley,Riddall,kriddall3p@archive.org,motorboat,Crotalus triseriatus,79
Emilie,Tewkesbury.,etewkesbury3q@cloudflare.com,bicycle,Cracticus nigroagularis,66
Sinclare,Armer,sarmer3r@tamu.edu,motorboat,Zalophus californicus,40
Krishna,Seabrook,kseabrook3s@yelp.com,bicycle,Felis silvestris lybica,55
Cherrita,Edgehill,cedgehill3t@ucoz.com,motorboat,Cyrtodactylus louisiadensis,29
Robby,Exeter,rexeter3u@washington.edu,bicycle,Pelecans onocratalus,70
Marielle,Sedwick,msedwick3v@dailymotion.com,campervan,Hippotragus niger,98
Tamma,McConway,tmcconway3w@redcross.org,bicycle,Petaurus breviceps,79
Cristian,Adamovsky,cadamovsky3x@edublogs.org,campervan,Pseudocheirus peregrinus,29
Rennie,Pudding,rpudding3y@etsy.com,RV,Alcelaphus buselaphus caama,30
Devi,Brawson,dbrawson3z@blogspot.com,RV,Varanus sp.,96
Archer,Melby,amelby40@macromedia.com,motorboat,Aegypius tracheliotus,36
Edik,Duddridge,eduddridge41@omniture.com,RV,Ciconia ciconia,56
Maureen,Skamell,mskamell42@163.com,sailboat,Bettongia penicillata,89
Zsazsa,Swetman,zswetman43@washington.edu,campervan,Manouria emys,43
Ethelind,Thomton,ethomton44@pbs.org,motorboat,Speotyte cuniculata,53
Cecil,Griniov,cgriniov45@examiner.com,bicycle,Sarcorhamphus papa,92
Leshia,Kennifick,lkennifick46@qq.com,bicycle,Phasianus colchicus,67
Gilda,O'Malley,gomalley47@youtube.com,RV,Phasianus colchicus,70
Ludovico,Crossman,lcrossman48@amazon.com,sailboat,Grus rubicundus,40
Aimil,Fender,afender49@dagondesign.com,RV,Kobus defassa,83
Juliette,Videneev,jvideneev4a@guardian.co.uk,sailboat,Orcinus orca,14
Jerrold,Sayce,jsayce4b@w3.org,campervan,Tragelaphus strepsiceros,7
Sam,Spurden,sspurden4c@linkedin.com,RV,Amazona sp.,45
Evanne,Glew,eglew4d@weather.com,sailboat,Axis axis,10
Barbe,Knowlton,bknowlton4e@slate.com,RV,Vulpes chama,86
Corny,Packer,cpacker4f@bbc.co.uk,bicycle,Pteronura brasiliensis,99
Fawn,Kee,fkee4g@archive.org,campervan,Heloderma horridum,42
Pavla,Roddy,proddy4h@opensource.org,sailboat,Spermophilus parryii,99
Alene,Katte,akatte4i@dell.com,sailboat,Bassariscus astutus,56
Alexia,Lempertz,alempertz4j@ihg.com,RV,Petaurus breviceps,21
Isidor,Lorrie,ilorrie4k@exblog.jp,bicycle,Dendrocitta vagabunda,84
Celestyna,Ryson,cryson4l@ihg.com,RV,Uraeginthus bengalus,1
Wilona,Juanes,wjuanes4m@php.net,sailboat,Phoeniconaias minor,23
Jared,Barlie,jbarlie4n@ehow.com,bicycle,Castor canadensis,25
Edeline,Rielly,erielly4o@virginia.edu,sailboat,Corvus albus,100
Celestyn,Kerry,ckerry4p@acquirethisname.com,campervan,Marmota caligata,70
Ephraim,Purvey,epurvey4q@paypal.com,RV,Genetta genetta,76
Arney,Noods,anoods4r@mit.edu,sailboat,Cacatua tenuirostris,97
Duke,covino,dcovino4s@lycos.com,sailboat,Naja sp.,28
Emelen,Collerd,ecollerd4t@oakley.com,campervan,Carduelis pinus,73
Leda,Swinbourne,lswinbourne4u@ucsd.edu,motorboat,Castor canadensis,26
Ariel,Hessle,ahessle4v@addthis.com,bicycle,Ploceus rubiginosus,39
Peggy,Vassall,pvassall4w@ted.com,bicycle,Laniarius ferrugineus,57
Yehudit,O'Cleary,yocleary4x@topsy.com,RV,Lybius torquatus,82
Nate,Feake,nfeake4y@howstuffworks.com,motorboat,Tamiasciurus hudsonicus,2
Sauveur,McReynolds,smcreynolds4z@cdbaby.com,sailboat,Cervus duvauceli,34
Linea,Picken,lpicken50@nasa.gov,sailboat,Ardea golieth,28
Carree,Harbison,charbison51@w3.org,sailboat,Vanessa indica,90
Kathrine,Varsey,kvarsey52@is.gd,RV,Uraeginthus granatina,83
Kristoforo,Ingon,kingon53@w3.org,campervan,Tenrec ecaudatus,78
Gene,Gillicuddy,ggillicuddy54@istockphoto.com,motorboat,Plocepasser mahali,13
Bronny,Colborn,bcolborn55@tinypic.com,sailboat,Neotis denhami,44
Mal,Minerdo,mminerdo56@vinaora.com,bicycle,Paradoxurus hermaphroditus,31
Reuben,Pinchin,rpinchin57@livejournal.com,sailboat,Trichoglossus haematodus moluccanus,70
Giralda,Schriren,gschriren58@webmd.com,bicycle,Cordylus giganteus,90
Nani,Bootyman,nbootyman59@hibu.com,motorboat,Isoodon obesulus,26
Sigvard,Huton,shuton5a@mysql.com,campervan,Sarcophilus harrisii,21
Sigismond,MacClay,smacclay5b@4shared.com,bicycle,Pytilia melba,30
Gard,Broader,gbroader5c@smugmug.com,RV,Catharacta skua,5
Wilow,Adamowicz,wadamowicz5d@independent.co.uk,sailboat,Elephas maximus bengalensis,36
Massimo,Whimper,mwhimper5e@globo.com,bicycle,Cygnus buccinator,71
Elliott,Antognozzii,eantognozzii5f@booking.com,sailboat,Melursus ursinus,44
Gibby,Pritchitt,gpritchitt5g@slate.com,sailboat,Procyon cancrivorus,84
Valaria,Hovard,vhovard5h@hugedomains.com,sailboat,Haematopus ater,100
Rosalyn,Stockney,rstockney5i@moonfruit.com,bicycle,Phascogale calura,98
Emmalynn,Edmeads,eedmeads5j@ocn.ne.jp,motorboat,Gerbillus sp.,48
Tanhya,Ingreda,tingreda5k@creativecommons.org,sailboat,Thalasseus maximus,98
Danya,Forryan,dforryan5l@netlog.com,RV,unavailable,33
Miran,Casemore,mcasemore5m@taobao.com,bicycle,Callorhinus ursinus,28
Andonis,Swafford,aswafford5n@reddit.com,RV,Choloepus hoffmani,32
Deerdre,Mandell,dmandell5o@businesswire.com,bicycle,Macropus rufogriseus,45
Serene,Comini,scomini5p@1688.com,motorboat,Numida meleagris,61
Alanah,Broschke,abroschke5q@barnesandnoble.com,campervan,Bucorvus leadbeateri,24
Conan,Vamplus,cvamplus5r@army.mil,RV,Anastomus oscitans,74
Celestyna,Millam,cmillam5s@networkadvertising.org,bicycle,Bubo sp.,12
Wyatan,Smelley,wsmelley5t@t-online.de,RV,Ictalurus furcatus,6
Amber,Van Leeuwen,avanleeuwen5u@sun.com,RV,Martes americana,78
Sigrid,Theis,stheis5v@google.ru,campervan,Dendrocitta vagabunda,36
Hilliard,Mailes,hmailes5w@rediff.com,bicycle,Canis mesomelas,97
Emlyn,Elcum,eelcum5x@theguardian.com,sailboat,Ploceus rubiginosus,73
Dru,Aspey,daspey5y@sohu.com,campervan,Alopochen aegyptiacus,18
Rollo,Innett,rinnett5z@google.nl,sailboat,Cervus elaphus,25
Keeley,Blogg,kblogg60@hp.com,motorboat,Alcelaphus buselaphus caama,31
Wilbur,Petasch,wpetasch61@a8.net,campervan,Varanus salvator,80
Joelie,Steinhammer,jsteinhammer62@youtu.be,bicycle,Connochaetus taurinus,10
Cleve,Yearnes,cyearnes63@ucoz.com,sailboat,Vulpes chama,86
Carmon,Busain,cbusain64@taobao.com,bicycle,Felis libyca,77
Lula,Jillard,ljillard65@huffingtonpost.com,sailboat,Madoqua kirkii,52
Say,Burnyate,sburnyate66@blog.com,RV,Platalea leucordia,65
Kathryn,Rackstraw,krackstraw67@home.pl,sailboat,Equus burchelli,41
Ada,Ingleby,aingleby68@ted.com,motorboat,Dasypus novemcinctus,25
Karin,Halvorsen,khalvorsen69@cnn.com,RV,Antidorcas marsupialis,1
Leena,Goodlip,lgoodlip6a@mapy.cz,RV,Genetta genetta,95
Petronille,Fourman,pfourman6b@npr.org,motorboat,Melanerpes erythrocephalus,39
Gennie,Olexa,golexa6c@msu.edu,campervan,Stercorarius longicausus,12
Sloan,Banbrook,sbanbrook6d@hp.com,RV,Papio cynocephalus,4
Cello,Scotson,cscotson6e@samsung.com,campervan,Streptopelia decipiens,41
Merrel,Chewter,mchewter6f@noaa.gov,sailboat,Rhea americana,41
Olav,Casale,ocasale6g@microsoft.com,sailboat,Felis concolor,75
Wenonah,Chatto,wchatto6h@nasa.gov,campervan,Geospiza sp.,98
Dorian,Landeg,dlandeg6i@oaic.gov.au,bicycle,Cereopsis novaehollandiae,87
Sofie,Osichev,sosichev6j@economist.com,sailboat,Anthropoides paradisea,78
Charlean,Derks,cderks6k@tamu.edu,campervan,Cacatua tenuirostris,75
Hanan,Loch,hloch6l@weibo.com,campervan,Drymarchon corias couperi,47
Archibaldo,Elcott,aelcott6m@google.com,campervan,Phalaropus lobatus,57
Bambie,Mitchel,bmitchel6n@upenn.edu,sailboat,Felis silvestris lybica,80
Consuela,Mation,cmation6o@berkeley.edu,campervan,Macropus rufogriseus,96
Friederike,Underwood,funderwood6p@ovh.net,RV,Bubalus arnee,43
Belinda,Bissett,bbissett6q@uol.com.br,bicycle,Ciconia ciconia,48
Arleyne,Pakes,apakes6r@parallels.com,campervan,Didelphis virginiana,89
Torry,Giraux,tgiraux6s@fema.gov,campervan,Snycerus caffer,29
Kiley,Cromblehome,kcromblehome6t@ucoz.ru,campervan,Phalacrocorax niger,53
Jesse,O'Kenny,jokenny6u@ed.gov,sailboat,Otaria flavescens,20
Winny,Jeduch,wjeduch6v@geocities.com,RV,Ursus maritimus,47
Zolly,Bille,zbille6w@businessinsider.com,bicycle,Pycnonotus barbatus,64
Cazzie,Harwin,charwin6x@wix.com,RV,Semnopithecus entellus,64
Nisse,Gerrelts,ngerrelts6y@hao123.com,motorboat,Colobus guerza,63
Leigha,Osmant,losmant6z@flickr.com,campervan,Acrantophis madagascariensis,73
Chrotoem,Rowan,crowan70@skyrock.com,campervan,Chlamydosaurus kingii,98
Kevina,Chase,kchase71@webnode.com,RV,Cynictis penicillata,51
Judie,Craigg,jcraigg72@taobao.com,bicycle,Acrantophis madagascariensis,63
Lewie,Jales,ljales73@chronoengine.com,RV,Macropus agilis,94
Taber,Buey,tbuey74@unicef.org,bicycle,Ursus maritimus,98
Becca,Wileman,bwileman75@csmonitor.com,sailboat,Bos taurus,19
Kaitlyn,Battyll,kbattyll76@liveinternet.ru,campervan,Varanus komodensis,26
Patrick,Keady,pkeady77@upenn.edu,sailboat,Epicrates cenchria maurus,63
Tish,Rosengarten,trosengarten78@bizjournals.com,campervan,Sula nebouxii,75
Kiele,Vaudrey,kvaudrey79@slate.com,sailboat,Dicrostonyx groenlandicus,51
Carrissa,Jochen,cjochen7a@xrea.com,campervan,Sciurus vulgaris,29
Pebrook,Mollison,pmollison7b@xinhuanet.com,sailboat,Phalaropus fulicarius,70
Kelly,Stabler,kstabler7c@apache.org,bicycle,Halcyon smyrnesis,76
Claretta,Grelka,cgrelka7d@moonfruit.com,campervan,Neophron percnopterus,67
Celestina,Prescot,cprescot7e@gravatar.com,bicycle,unavailable,81
Sheelah,Rizzardo,srizzardo7f@vistaprint.com,RV,Helogale undulata,81
Cynthea,Wartonby,cwartonby7g@oaic.gov.au,campervan,Cacatua galerita,31
Siobhan,Attenbarrow,sattenbarrow7h@imdb.com,campervan,Semnopithecus entellus,60
Kale,Postans,kpostans7i@nyu.edu,bicycle,Thalasseus maximus,13
Filberte,Plaide,fplaide7j@sina.com.cn,bicycle,Tayassu pecari,23
Gerhardt,Crosby,gcrosby7k@wunderground.com,campervan,Pitangus sulphuratus,13
Gerianne,Overstone,goverstone7l@friendfeed.com,bicycle,Mungos mungo,38
Virgilio,Possel,vpossel7m@topsy.com,sailboat,Tockus erythrorhyncus,21
Mollie,Dericot,mdericot7n@independent.co.uk,bicycle,Cygnus atratus,15
Judi,Gibke,jgibke7o@arstechnica.com,campervan,Phascolarctos cinereus,72
Amelita,Broadstock,abroadstock7p@nationalgeographic.com,RV,Equus burchelli,77
Pet,Renish,prenish7q@walmart.com,RV,Bubulcus ibis,25
Caryl,D'Onise,cdonise7r@huffingtonpost.com,RV,Lasiodora parahybana,22
Otha,Alberti,oalberti7s@squarespace.com,sailboat,Damaliscus lunatus,11
Skelly,Pumphreys,spumphreys7t@wordpress.com,motorboat,Hymenolaimus malacorhynchus,88
Sella,Giraudel,sgiraudel7u@lulu.com,motorboat,Psophia viridis,78
Denny,McCloy,dmccloy7v@google.es,sailboat,Funambulus pennati,94
Padraic,Ricoald,pricoald7w@omniture.com,campervan,Marmota caligata,52
Clayborn,Simionato,csimionato7x@blogs.com,bicycle,Aonyx cinerea,35
Claiborne,Pinniger,cpinniger7y@apple.com,sailboat,Spermophilus tridecemlineatus,35
Jere,Charlot,jcharlot7z@dedecms.com,campervan,Semnopithecus entellus,70
Valdemar,Mallett,vmallett80@army.mil,RV,Myotis lucifugus,64
Brand,Kimmel,bkimmel81@wordpress.com,motorboat,Aonyx capensis,32
Charmian,Gatheral,cgatheral82@fastcompany.com,sailboat,Meles meles,56
Joshuah,Dumsday,jdumsday83@cbsnews.com,motorboat,Hymenolaimus malacorhynchus,36
Madella,Terren,mterren84@geocities.com,bicycle,Felis caracal,18
Bernadene,Saveall,bsaveall85@businessweek.com,motorboat,Bucephala clangula,97
Delilah,McCarlich,dmccarlich86@archive.org,sailboat,Agelaius phoeniceus,2
Grata,Reily,greily87@w3.org,sailboat,Limosa haemastica,6
Aviva,Costin,acostin88@eventbrite.com,bicycle,Camelus dromedarius,4
Bear,Henrion,bhenrion89@accuweather.com,sailboat,Varanus komodensis,57
Donn,Bore,dbore8a@cnn.com,RV,Platalea leucordia,59
Griffith,Heskey,gheskey8b@ovh.net,sailboat,Hystrix cristata,34
Jehanna,Blitz,jblitz8c@feedburner.com,campervan,Tachybaptus ruficollis,31
Queenie,Andriesse,qandriesse8d@bigcartel.com,bicycle,Meles meles,17
Dory,Dennett,ddennett8e@ebay.co.uk,campervan,Diceros bicornis,19
Erl,Carnihan,ecarnihan8f@wufoo.com,sailboat,Macropus fuliginosus,85
Dorelle,Berryann,dberryann8g@timesonline.co.uk,campervan,Eubalaena australis,37
Sigismond,Goney,sgoney8h@examiner.com,campervan,Coluber constrictor,77
Stuart,Woolmington,swoolmington8i@sina.com.cn,RV,Gopherus agassizii,51
Hilary,Godden,hgodden8j@usatoday.com,bicycle,Lamprotornis chalybaeus,56
Granville,Piotrkowski,gpiotrkowski8k@123-reg.co.uk,campervan,Merops nubicus,64
Doyle,Marques,dmarques8l@wikimedia.org,sailboat,Ctenophorus ornatus,12
Hashim,Rosindill,hrosindill8m@alexa.com,motorboat,Antechinus flavipes,74
Madlin,Coghlin,mcoghlin8n@ameblo.jp,campervan,Phoenicopterus chilensis,24
Dolf,Berget,dberget8o@usgs.gov,campervan,Nasua nasua,35
Gene,Logan,glogan8p@hubpages.com,bicycle,Neophoca cinerea,53
Janice,Sarchwell,jsarchwell8q@ted.com,RV,Oxybelis sp.,90
Dulcia,Tott,dtott8r@webmd.com,bicycle,Calyptorhynchus magnificus,76
Averil,Leslie,aleslie8s@shutterfly.com,sailboat,Colaptes campestroides,9
Padraig,Dowbekin,pdowbekin8t@alibaba.com,motorboat,Macropus agilis,10
Sophia,Pannaman,spannaman8u@marriott.com,RV,Haliaeetus leucocephalus,30
Benedetta,Billin,bbillin8v@lycos.com,bicycle,Neophoca cinerea,88
Roldan,Byars,rbyars8w@spotify.com,sailboat,Leptoptilos crumeniferus,98
Brice,Holywell,bholywell8x@engadget.com,sailboat,Grus antigone,82
Ursulina,Coggell,ucoggell8y@shutterfly.com,motorboat,Mephitis mephitis,58
Des,Pawnsford,dpawnsford8z@over-blog.com,sailboat,Tockus erythrorhyncus,99
Morganica,Busfield,mbusfield90@hao123.com,sailboat,Dendrocygna viduata,79
Halsey,Rebeiro,hrebeiro91@abc.net.au,campervan,Phalacrocorax niger,77
Brandice,Netherwood,bnetherwood92@phpbb.com,RV,Crotalus cerastes,46
Noel,Espinola,nespinola93@nifty.com,bicycle,Bassariscus astutus,4
Townie,Frazier,tfrazier94@sogou.com,campervan,Isoodon obesulus,14
Barton,Magister,bmagister95@wisc.edu,motorboat,Mirounga angustirostris,36
Evie,Worsnap,eworsnap96@ftc.gov,sailboat,Antidorcas marsupialis,53
Bartholemy,Floyd,bfloyd97@salon.com,campervan,Hystrix indica,74
Beltran,Shutle,bshutle98@de.vu,campervan,Cercatetus concinnus,47
Lutero,Sotheron,lsotheron99@bandcamp.com,campervan,Marmota flaviventris,45
Alick,Beartup,abeartup9a@altervista.org,sailboat,Tadorna tadorna,56
Bucky,Carrivick,bcarrivick9b@tripod.com,bicycle,Felis concolor,92
Alexi,Setterington,asetterington9c@sciencedaily.com,campervan,Macropus agilis,11
Gillan,Deppe,gdeppe9d@bluehost.com,motorboat,Uraeginthus granatina,8
Doralynne,Weston,dweston9e@last.fm,motorboat,Lamprotornis nitens,9
Kimmy,Haig,khaig9f@auda.org.au,motorboat,Chauna torquata,69
Glenden,Madrell,gmadrell9g@bluehost.com,motorboat,Actophilornis africanus,75
Rodrique,Nucci,rnucci9h@mapquest.com,bicycle,Trachyphonus vaillantii,67
Blythe,Meigh,bmeigh9i@dropbox.com,bicycle,Sula dactylatra,13
Meagan,Deackes,mdeackes9j@examiner.com,bicycle,Upupa epops,65
Stu,Peddar,speddar9k@istockphoto.com,motorboat,Anas punctata,72
Jaime,Axford,jaxford9l@ask.com,bicycle,Ciconia episcopus,66
Tawnya,Harvatt,tharvatt9m@chicagotribune.com,bicycle,Parus atricapillus,66
Ardelis,Eberst,aeberst9n@networksolutions.com,bicycle,Coendou prehensilis,77
Berton,Kardos-Stowe,bkardosstowe9o@ucla.edu,RV,Amphibolurus barbatus,36
Jillane,Ebbrell,jebbrell9p@blogspot.com,RV,Anhinga rufa,58
Cosimo,Duham,cduham9q@skype.com,campervan,Catharacta skua,73
Fanechka,Swalough,fswalough9r@barnesandnoble.com,RV,Lamprotornis nitens,32
Pennie,Swann,pswann9s@themeforest.net,campervan,Aegypius occipitalis,80
Beitris,Daud,bdaud9t@dell.com,bicycle,Larus novaehollandiae,21
Corly,Klassmann,cklassmann9u@ezinearticles.com,campervan,Bison bison,42
Georgia,Saltman,gsaltman9v@fda.gov,sailboat,Macropus rufogriseus,72
Rogerio,Berens,rberens9w@reuters.com,bicycle,Tadorna tadorna,41
Margalit,Deetlof,mdeetlof9x@cargocollective.com,motorboat,Smithopsis crassicaudata,26
Stace,Jenteau,sjenteau9y@printfriendly.com,sailboat,Uraeginthus granatina,3
Lenci,Tousey,ltousey9z@unesco.org,bicycle,Haematopus ater,97
Auria,McIndrew,amcindrewa0@domainmarket.com,sailboat,Cyrtodactylus louisiadensis,13
Pierce,Dronsfield,pdronsfielda1@myspace.com,sailboat,Bubulcus ibis,47
Georgiana,Ferens,gferensa2@webs.com,sailboat,Potamochoerus porcus,58
Amargo,Rich,aricha3@ihg.com,campervan,Pseudalopex gymnocercus,73
Prissie,Valde,pvaldea4@bluehost.com,sailboat,Scolopax minor,31
Lazarus,Panting,lpantinga5@imageshack.us,motorboat,Hydrochoerus hydrochaeris,100
Carleton,Eltringham,celtringhama6@usgs.gov,motorboat,Mycteria ibis,87
Charlton,Wetwood,cwetwooda7@yellowpages.com,RV,Conolophus subcristatus,86
Paige,Lifton,pliftona8@myspace.com,campervan,Rhea americana,5
Shirleen,Tubbs,stubbsa9@feedburner.com,motorboat,Larus fuliginosus,20
Doti,Ferrige,dferrigeaa@shareasale.com,bicycle,Acinynox jubatus,72
Nicki,Skipp,nskippab@patch.com,bicycle,Phoenicopterus ruber,93
Addia,Polak,apolakac@ezinearticles.com,RV,Panthera pardus,60
Sherry,Oaks,soaksad@hubpages.com,RV,Cereopsis novaehollandiae,65
Hulda,Sandon,hsandonae@cafepress.com,sailboat,Phalaropus lobatus,20
Gwenneth,Redman,gredmanaf@icio.us,RV,Trichosurus vulpecula,100
Jamaal,Cosson,jcossonag@google.co.uk,bicycle,Castor canadensis,25
Melicent,Piers,mpiersah@cam.ac.uk,campervan,Marmota caligata,81
Darci,Tethacot,dtethacotai@sphinn.com,campervan,Plectopterus gambensis,22
Alidia,Tremouille,atremouilleaj@t-online.de,sailboat,Pycnonotus nigricans,69
Arnie,Billingham,abillinghamak@washington.edu,sailboat,Macropus agilis,44
Kleon,Quernel,kquernelal@apple.com,bicycle,Naja haje,90
Hogan,Kenward,hkenwardam@yahoo.com,campervan,Halcyon smyrnesis,47
Wyatt,Sinnott,wsinnottan@businessinsider.com,campervan,Coluber constrictor,21
Bride,Dabourne,bdabourneao@harvard.edu,campervan,Macropus rufogriseus,36
Cameron,Wrey,cwreyap@purevolume.com,sailboat,Cygnus atratus,72
Shepperd,Mosdill,smosdillaq@creativecommons.org,bicycle,Bubalornis niger,43
Bobbie,Dany,bdanyar@nature.com,bicycle,Antilope cervicapra,82
Ardenia,Stoodale,astoodaleas@dyndns.org,RV,Chloephaga melanoptera,67
Trudie,Ingall,tingallat@abc.net.au,campervan,Madoqua kirkii,56
Astrix,Dudin,adudinau@skype.com,bicycle,Neotis denhami,45
Bonny,Le Bosse,blebosseav@gov.uk,RV,Leptoptilus dubius,93
Jermaine,Stockle,jstockleaw@webs.com,RV,Ursus americanus,73
Fabio,Orrick,forrickax@webmd.com,bicycle,Microcebus murinus,65
Joanna,Carles,jcarlesay@google.com.br,sailboat,Isoodon obesulus,80
Kimmy,Cremen,kcremenaz@ask.com,motorboat,Merops sp.,2
Lem,Semmence,lsemmenceb0@weebly.com,motorboat,Crotalus adamanteus,71
Melissa,Sallowaye,msallowayeb1@gnu.org,motorboat,Recurvirostra avosetta,76
Kerri,Boylan,kboylanb2@ning.com,bicycle,Papio ursinus,9
Sol,Reuben,sreubenb3@posterous.com,RV,Uraeginthus granatina,68
Elly,Aisbett,eaisbettb4@twitpic.com,campervan,Gabianus pacificus,97
Ram,Adamovitch,radamovitchb5@mapy.cz,bicycle,Stenella coeruleoalba,56
Rodie,Lanfranchi,rlanfranchib6@printfriendly.com,bicycle,Meles meles,16
Renaldo,Trenaman,rtrenamanb7@princeton.edu,RV,Taurotagus oryx,40
Talyah,Swanne,tswanneb8@bbb.org,campervan,Tachyglossus aculeatus,24
Abby,Bramelt,abrameltb9@ustream.tv,campervan,Laniaurius atrococcineus,3
Olympe,Threlfall,othrelfallba@webnode.com,motorboat,Antechinus flavipes,39
Jayme,Aizikovitz,jaizikovitzbb@livejournal.com,campervan,Ursus arctos,18
Christie,Elcock,celcockbc@canalblog.com,motorboat,Arctogalidia trivirgata,84
Zacharie,Minter,zminterbd@vinaora.com,bicycle,Libellula quadrimaculata,16
Connor,Bonn,cbonnbe@businessinsider.com,bicycle,Anathana ellioti,96
Josephina,Sinclair,jsinclairbf@walmart.com,sailboat,Sarkidornis melanotos,69
Germain,Caren,gcarenbg@ox.ac.uk,bicycle,Macropus rufogriseus,7
Hayden,Northedge,hnorthedgebh@163.com,motorboat,Pituophis melanaleucus,10
Jerrilee,Kovnot,jkovnotbi@blinklist.com,motorboat,Anathana ellioti,23
Bellanca,Blaby,bblabybj@scribd.com,RV,Herpestes javanicus,96
Pierre,Oxberry,poxberrybk@drupal.org,sailboat,Macropus robustus,26
Idalina,Shackle,ishacklebl@dedecms.com,motorboat,Arctogalidia trivirgata,21
Mercie,Trubshawe,mtrubshawebm@msn.com,campervan,Oreamnos americanus,58
Rahel,Fotitt,rfotittbn@shinystat.com,RV,Ammospermophilus nelsoni,67
Kenton,Whiterod,kwhiterodbo@jugem.jp,motorboat,Aegypius tracheliotus,37
Gayleen,Witty,gwittybp@parallels.com,campervan,Vulpes cinereoargenteus,100
Amalita,Jouhandeau,ajouhandeaubq@netscape.com,RV,Colobus guerza,18
Dyanne,Palfreeman,dpalfreemanbr@newyorker.com,motorboat,Stenella coeruleoalba,20
Rhys,Clews,rclewsbs@wsj.com,motorboat,Naja sp.,37
Tressa,Austen,taustenbt@ted.com,campervan,Trichosurus vulpecula,2
Michel,Younglove,myounglovebu@wikia.com,bicycle,Gorilla gorilla,99
Merill,Leyban,mleybanbv@statcounter.com,bicycle,Leptoptilos crumeniferus,84
Rosabel,Keough,rkeoughbw@ucoz.com,RV,Diomedea irrorata,58
Dosi,Dawidowitz,ddawidowitzbx@google.co.uk,sailboat,Sarcorhamphus papa,77
Glenn,Cankett,gcankettby@phoca.cz,sailboat,Anser anser,23
Jeni,Longley,jlongleybz@yahoo.com,sailboat,Butorides striatus,3
Kin,Batho,kbathoc0@technorati.com,campervan,Kobus leche robertsi,86
Mickie,Reary,mrearyc1@opera.com,sailboat,Nectarinia chalybea,22
Megen,Eliot,meliotc2@cbsnews.com,sailboat,unavailable,54
Vonni,Checkley,vcheckleyc3@sitemeter.com,sailboat,Manouria emys,50
Brianne,Goodenough,bgoodenoughc4@elpais.com,sailboat,Cercatetus concinnus,53
Baldwin,Gledhall,bgledhallc5@ehow.com,bicycle,Elephas maximus bengalensis,27
Welby,Hildred,whildredc6@comsenz.com,motorboat,Bassariscus astutus,34
Mariel,Kitchenman,mkitchenmanc7@indiatimes.com,RV,Pterocles gutturalis,68
Damaris,Lumsden,dlumsdenc8@mit.edu,sailboat,Diceros bicornis,5
Hymie,Ruben,hrubenc9@skype.com,bicycle,Oxybelis sp.,49
Delcine,Dobkin,ddobkinca@dmoz.org,bicycle,Xerus sp.,80
Laurel,Bayston,lbaystoncb@whitehouse.gov,sailboat,Phalacrocorax carbo,22
Chan,Guye,cguyecc@wordpress.com,sailboat,Merops nubicus,79
Ariella,Dewsbury,adewsburycd@biblegateway.com,RV,Canis dingo,61
Nolana,Edis,nedisce@archive.org,motorboat,Mungos mungo,65
Lloyd,Musla,lmuslacf@ehow.com,bicycle,Limosa haemastica,33
Bunnie,Cuckoo,bcuckoocg@ycombinator.com,motorboat,Phoca vitulina,66
Sharona,Plesing,splesingch@xinhuanet.com,RV,Branta canadensis,57
Dillie,Noriega,dnoriegaci@spiegel.de,bicycle,Galictis vittata,46
Christos,Wikey,cwikeycj@blogtalkradio.com,motorboat,Calyptorhynchus magnificus,89
Livy,Paddy,lpaddyck@imageshack.us,sailboat,Ploceus rubiginosus,58
Hester,McGilvray,hmcgilvraycl@upenn.edu,RV,Trichechus inunguis,79
Hazlett,Calder,hcaldercm@mtv.com,RV,Equus hemionus,24
Kyle,Fevers,kfeverscn@nytimes.com,motorboat,Tachyglossus aculeatus,61
Tanner,Linch,tlinchco@cbc.ca,sailboat,Iguana iguana,79
Laurella,Grove,lgrovecp@reverbnation.com,sailboat,Zalophus californicus,84
Glendon,Yarham,gyarhamcq@github.com,RV,Philetairus socius,79
Stormy,Skivington,sskivingtoncr@weather.com,bicycle,Felis silvestris lybica,6
Christel,Bott,cbottcs@chronoengine.com,bicycle,Uraeginthus angolensis,49
Alexa,Jeskin,ajeskinct@uol.com.br,RV,Trichoglossus chlorolepidotus,38
Meir,Spoure,mspourecu@youtube.com,motorboat,Phoenicopterus ruber,61
Nevsa,Vernon,nvernoncv@canalblog.com,bicycle,Butorides striatus,51
Gherardo,Lemmers,glemmerscw@marketwatch.com,sailboat,Scolopax minor,43
Cindi,McCotter,cmccottercx@cdc.gov,sailboat,Pelecans onocratalus,31
Wally,Leat,wleatcy@opera.com,sailboat,Anthropoides paradisea,60
Wynny,Hazell,whazellcz@ask.com,sailboat,Macropus agilis,95
Noelle,Sulman,nsulmand0@forbes.com,bicycle,Giraffe camelopardalis,19
Angelo,Menco,amencod1@purevolume.com,sailboat,Haliaetus vocifer,72
Mona,Marlin,mmarlind2@digg.com,bicycle,Phalacrocorax varius,64
Nesta,Copello,ncopellod3@elpais.com,campervan,Eubalaena australis,23
Karee,O'Teague,koteagued4@cbc.ca,RV,Geochelone elephantopus,88
Clerissa,De Micoli,cdemicolid5@wp.com,RV,Hymenolaimus malacorhynchus,52
Arney,Eassom,aeassomd6@360.cn,sailboat,Macropus agilis,11
Scarlett,Reschke,sreschked7@ehow.com,sailboat,Colaptes campestroides,39
Danika,Isworth,disworthd8@yahoo.co.jp,campervan,Bucorvus leadbeateri,52
Sinclare,Stammers,sstammersd9@smugmug.com,bicycle,Bison bison,17
Antonetta,Rosbottom,arosbottomda@youtube.com,RV,Speothos vanaticus,11
Neddie,Woolward,nwoolwarddb@histats.com,bicycle,Capreolus capreolus,56
Nickolas,Tidbold,ntidbolddc@sohu.com,motorboat,Choloepus hoffmani,91
Gayle,Marzella,gmarzelladd@storify.com,bicycle,Thamnolaea cinnmomeiventris,12
Morrie,LLelweln,mllelwelnde@usnews.com,RV,Larus dominicanus,35
Reggy,Faint,rfaintdf@wufoo.com,motorboat,Lutra canadensis,36
Dix,de Chastelain,ddechastelaindg@msn.com,bicycle,Agkistrodon piscivorus,14
Catlin,Kopisch,ckopischdh@themeforest.net,bicycle,Bradypus tridactylus,41
Lottie,Bru,lbrudi@google.co.uk,bicycle,Turtur chalcospilos,99
Leena,Pickering,lpickeringdj@who.int,sailboat,Macaca fuscata,8
Cahra,Scartifield,cscartifielddk@bloglines.com,motorboat,Cordylus giganteus,43
Laureen,Wharton,lwhartondl@howstuffworks.com,sailboat,Stenella coeruleoalba,50
Butch,Canario,bcanariodm@skype.com,campervan,Alouatta seniculus,69
Ardenia,Ilbert,ailbertdn@unblog.fr,sailboat,Stercorarius longicausus,92
Horatia,Mitchelson,hmitchelsondo@seattletimes.com,bicycle,Kobus defassa,51
Smith,Bridge,sbridgedp@alibaba.com,campervan,Spheniscus mendiculus,87
Ella,Goodreid,egoodreiddq@elegantthemes.com,sailboat,Francolinus coqui,97
Robinetta,St. Louis,rstlouisdr@icio.us,bicycle,Graspus graspus,80
Gran,Danser,gdanserds@skype.com,bicycle,Nyctea scandiaca,84
Henrietta,Corck,hcorckdt@pbs.org,RV,Dicrostonyx groenlandicus,62
Hobart,Slegg,hsleggdu@webmd.com,bicycle,Canis aureus,10
Liliane,McLugish,lmclugishdv@opensource.org,bicycle,Terathopius ecaudatus,99
Raff,Huncoot,rhuncootdw@springer.com,RV,Thylogale stigmatica,49
Hayyim,Raffon,hraffondx@gnu.org,bicycle,Lemur fulvus,41
Birk,McMorran,bmcmorrandy@clickbank.net,campervan,Mirounga angustirostris,49
Kriste,Coal,kcoaldz@fotki.com,sailboat,Isoodon obesulus,52
Marne,Millward,mmillwarde0@bluehost.com,motorboat,Arctogalidia trivirgata,97
Rogers,Layzell,rlayzelle1@yahoo.co.jp,campervan,Alopex lagopus,83
Benni,Bleything,bbleythinge2@cam.ac.uk,bicycle,Macaca mulatta,23
Candida,Chadwen,cchadwene3@ifeng.com,campervan,Panthera onca,85
Nixie,Giberd,ngiberde4@163.com,sailboat,Gekko gecko,17
Shoshanna,Barhem,sbarheme5@alibaba.com,sailboat,Marmota monax,30
Jaquenette,Epine,jepinee6@oracle.com,bicycle,Leptoptilos crumeniferus,80
Julina,Jerome,jjeromee7@addthis.com,bicycle,Macropus rufogriseus,32
Gearard,Titlow,gtitlowe8@jiathis.com,campervan,Vulpes vulpes,62
Lenna,Gabbitus,lgabbituse9@wufoo.com,bicycle,Rhabdomys pumilio,6
Sindee,Dicke,sdickeea@infoseek.co.jp,RV,Acridotheres tristis,43
Kin,Caston,kcastoneb@geocities.jp,sailboat,Psittacula krameri,5
Douglass,Riggoll,driggollec@addtoany.com,campervan,Leptoptilos crumeniferus,3
Ted,Conlon,tconloned@biblegateway.com,bicycle,Laniarius ferrugineus,87
Zacherie,Ovens,zovensee@state.gov,campervan,Otaria flavescens,37
Conrado,Folland,cfollandef@uol.com.br,campervan,Cervus canadensis,81
Vidovik,Hasely,vhaselyeg@newsvine.com,bicycle,Lycosa godeffroyi,2
Kora,Scapens,kscapenseh@networksolutions.com,motorboat,Didelphis virginiana,55
Daveta,Newcomen,dnewcomenei@theguardian.com,sailboat,Tiliqua scincoides,91
Ashlan,Bankes,abankesej@ovh.net,RV,Tragelaphus angasi,27
Suzanna,Draper,sdraperek@oracle.com,sailboat,Otaria flavescens,17
Shamus,Millin,smillinel@geocities.com,motorboat,unavailable,63
Reagan,Besnardeau,rbesnardeauem@miibeian.gov.cn,campervan,Spermophilus armatus,31
Whitney,Reckless,wrecklessen@economist.com,bicycle,Tachybaptus ruficollis,26
Fancy,Youtead,fyouteadeo@blog.com,sailboat,Tamiasciurus hudsonicus,45
Alphard,Mitskevich,amitskevichep@posterous.com,bicycle,Ursus americanus,17
Zola,Esslemont,zesslemonteq@google.fr,RV,Antidorcas marsupialis,84
Hyatt,Readie,hreadieer@washington.edu,bicycle,Dasyurus viverrinus,3
Trudi,Blanckley,tblanckleyes@msu.edu,bicycle,Cordylus giganteus,85
Cass,Cockarill,ccockarillet@angelfire.com,RV,Potorous tridactylus,71
Adaline,Pearl,apearleu@simplemachines.org,motorboat,Anser anser,33
Margarette,Gribbin,mgribbinev@army.mil,RV,Cebus apella,65
Karlik,Mongeot,kmongeotew@discuz.net,bicycle,Ciconia ciconia,6
Nikkie,Sexcey,nsexceyex@webmd.com,bicycle,Choriotis kori,16
Myra,Gerb,mgerbey@angelfire.com,motorboat,Kobus defassa,27
Dayna,Penrith,dpenrithez@instagram.com,sailboat,Epicrates cenchria maurus,49
Cristal,Noone,cnoonef0@discuz.net,motorboat,Conolophus subcristatus,16
Lorianne,Lording,llordingf1@nifty.com,RV,Hyaena hyaena,5
Keir,Roggeman,kroggemanf2@myspace.com,sailboat,Dasyurus maculatus,18
Mendy,Livoir,mlivoirf3@biglobe.ne.jp,bicycle,Numida meleagris,8
Kamillah,Stonebanks,kstonebanksf4@stumbleupon.com,bicycle,Actophilornis africanus,32
Adrienne,Beetham,abeethamf5@nationalgeographic.com,motorboat,Agelaius phoeniceus,53
Grethel,Nussen,gnussenf6@so-net.ne.jp,sailboat,Nesomimus trifasciatus,49
Lynn,Muck,lmuckf7@mysql.com,sailboat,Coluber constrictor,49
Addy,Tendahl,atendahlf8@addtoany.com,RV,Pytilia melba,48
Maiga,Rebbeck,mrebbeckf9@businesswire.com,bicycle,Hippopotamus amphibius,50
Estell,Lilliman,elillimanfa@state.gov,motorboat,Choloepus hoffmani,71
Eugenie,Boyan,eboyanfb@scientificamerican.com,RV,Mephitis mephitis,1
Wells,Allsup,wallsupfc@creativecommons.org,bicycle,Bubo virginianus,23
Olga,Ivashnyov,oivashnyovfd@technorati.com,motorboat,Vulpes chama,21
Julius,Marrian,jmarrianfe@drupal.org,campervan,Platalea leucordia,81
Zandra,Cram,zcramff@nymag.com,RV,Ara macao,21
Giles,Ivashkov,givashkovfg@php.net,campervan,Spermophilus parryii,60
Laurella,Furness,lfurnessfh@bigcartel.com,motorboat,Hippotragus equinus,88
Derry,Rippen,drippenfi@ameblo.jp,bicycle,Macaca mulatta,63
Meggy,Peckett,mpeckettfj@ustream.tv,RV,Francolinus coqui,23
Dannel,Catlow,dcatlowfk@intel.com,sailboat,Thylogale stigmatica,20
Cathrin,Eul,ceulfl@cbslocal.com,RV,Crotalus cerastes,32
Diana,Jozsef,djozseffm@mlb.com,bicycle,Phalacrocorax niger,5
Dani,O'Rourke,dorourkefn@cargocollective.com,bicycle,Felis serval,79
Stevy,Skurray,sskurrayfo@biblegateway.com,RV,Varanus komodensis,50
Biddie,Shallcross,bshallcrossfp@wordpress.com,campervan,Tyto novaehollandiae,2
Kiersten,Waby,kwabyfq@webnode.com,campervan,Thalasseus maximus,57
Gisela,Flode,gflodefr@ibm.com,campervan,Laniarius ferrugineus,68
Andie,Attoe,aattoefs@reference.com,RV,Nucifraga columbiana,12
Dilan,Entres,dentresft@amazonaws.com,bicycle,Lutra canadensis,28
Margaux,Tabbitt,mtabbittfu@mit.edu,RV,Grus canadensis,1
Shelley,Riccio,sricciofv@meetup.com,campervan,Globicephala melas,35
Brandon,Durrell,bdurrellfw@com.com,sailboat,Sciurus vulgaris,57
Travers,Blondelle,tblondellefx@gravatar.com,RV,Tadorna tadorna,48
Jacynth,Wille,jwillefy@istockphoto.com,campervan,Naja haje,46
Linus,Deeson,ldeesonfz@si.edu,campervan,Buteo regalis,91
Michal,Cambden,mcambdeng0@canalblog.com,campervan,Colaptes campestroides,13
Callida,Astlett,castlettg1@twitpic.com,motorboat,Mirounga leonina,88
Aubrey,Lyddon,alyddong2@domainmarket.com,sailboat,Nasua narica,74
Idelle,Glentz,iglentzg3@admin.ch,RV,Larus novaehollandiae,44
Leontyne,Marzella,lmarzellag4@nyu.edu,bicycle,Cervus duvauceli,62
Nydia,Eisenberg,neisenbergg5@timesonline.co.uk,RV,Ictonyx striatus,44
Cherri,Holtaway,choltawayg6@bizjournals.com,sailboat,Haematopus ater,100
Donavon,Vogele,dvogeleg7@stanford.edu,sailboat,unavailable,64
Gustavo,Andrag,gandragg8@java.com,sailboat,Phalaropus fulicarius,37
Alikee,Millom,amillomg9@macromedia.com,bicycle,Gyps bengalensis,21
Allianora,Bourley,abourleyga@google.fr,sailboat,Phasianus colchicus,3
Sigismund,Moral,smoralgb@odnoklassniki.ru,RV,Vanellus armatus,11
Liz,Daborn,ldaborngc@nyu.edu,bicycle,Choriotis kori,23
Claybourne,Takos,ctakosgd@npr.org,campervan,Chordeiles minor,69
Lacy,Spire,lspirege@usatoday.com,sailboat,Fulica cristata,86
Karina,Ragdale,kragdalegf@noaa.gov,motorboat,Tiliqua scincoides,2
Hershel,Maudsley,hmaudsleygg@homestead.com,motorboat,Uraeginthus granatina,54
Jacquette,Bris,jbrisgh@fastcompany.com,sailboat,Connochaetus taurinus,80
Ricca,Wardel,rwardelgi@jiathis.com,campervan,Heloderma horridum,45
Robbi,Brawson,rbrawsongj@zdnet.com,RV,Alligator mississippiensis,6
Gabriel,Crankshaw,gcrankshawgk@huffingtonpost.com,motorboat,unavailable,54
Sayre,De Blasiis,sdeblasiisgl@cisco.com,campervan,Pavo cristatus,76
Shae,Shuter,sshutergm@friendfeed.com,bicycle,Tetracerus quadricornis,43
Kristy,Sealey,ksealeygn@narod.ru,sailboat,Dendrocitta vagabunda,48
Lombard,Furlong,lfurlonggo@xing.com,RV,Pavo cristatus,86
Dalis,Jacob,djacobgp@163.com,campervan,Thylogale stigmatica,52
Leia,Flaws,lflawsgq@google.fr,sailboat,Ardea cinerea,5
Emogene,Bradley,ebradleygr@earthlink.net,sailboat,Corvus brachyrhynchos,74
Florri,Panner,fpannergs@tiny.cc,RV,Felis concolor,19
Rafaelita,Itzkovwitch,ritzkovwitchgt@alexa.com,RV,Canis aureus,59
Cody,Doogue,cdooguegu@virginia.edu,bicycle,Creagrus furcatus,8
Oralla,Ledes,oledesgv@over-blog.com,motorboat,Coluber constrictor,62
Christophe,Goldes,cgoldesgw@sciencedaily.com,sailboat,Iguana iguana,15
Rosita,Peirazzi,rpeirazzigx@360.cn,sailboat,Cordylus giganteus,80
Antoni,Ten Broek,atenbroekgy@yolasite.com,RV,Panthera leo,13
Ardys,Bernet,abernetgz@sfgate.com,campervan,Oryx gazella callotis,25
Chantal,Kleinzweig,ckleinzweigh0@prlog.org,sailboat,Hystrix indica,84
Domenico,Sherwen,dsherwenh1@pinterest.com,campervan,Lorythaixoides concolor,55
Tilly,Rolingson,trolingsonh2@oracle.com,bicycle,Agkistrodon piscivorus,36
Kippie,Caps,kcapsh3@google.nl,campervan,Macaca radiata,15
Ganny,Pitblado,gpitbladoh4@dedecms.com,campervan,Calyptorhynchus magnificus,22
Rutledge,Van T'Hoog,rvanthoogh5@4shared.com,sailboat,Carduelis pinus,11
Shauna,O'Fallone,sofalloneh6@twitter.com,campervan,Buteo galapagoensis,100
Gherardo,Kinastan,gkinastanh7@altervista.org,campervan,Equus burchelli,4
Hastie,Corby,hcorbyh8@bandcamp.com,sailboat,Dasyurus maculatus,44
Ekaterina,Bamlet,ebamleth9@pagesperso-orange.fr,sailboat,Paraxerus cepapi,19
Yale,Skoate,yskoateha@si.edu,bicycle,Macropus rufogriseus,35
Elsie,Druett,edruetthb@prweb.com,campervan,Alligator mississippiensis,5
Hubey,Tommasi,htommasihc@google.ca,campervan,Dusicyon thous,57
Curran,Kidby,ckidbyhd@economist.com,campervan,Philetairus socius,3
Shannon,Stivens,sstivenshe@plala.or.jp,motorboat,Uraeginthus angolensis,9
Genvieve,Herley,gherleyhf@reddit.com,campervan,Macropus robustus,50
Fabio,Thomasset,fthomassethg@rediff.com,sailboat,Potos flavus,29
Benn,Jefferd,bjefferdhh@berkeley.edu,RV,Haematopus ater,48
Montgomery,Giorgione,mgiorgionehi@howstuffworks.com,sailboat,Ovis canadensis,93
Cinderella,Woltman,cwoltmanhj@earthlink.net,sailboat,Anas bahamensis,54
Kris,Utridge,kutridgehk@zimbio.com,RV,Pseudoleistes virescens,66
Theadora,Chatin,tchatinhl@lycos.com,campervan,Calyptorhynchus magnificus,37
Hallsy,Dixson,hdixsonhm@tinypic.com,motorboat,Callorhinus ursinus,80
Reade,Hackin,rhackinhn@sfgate.com,motorboat,Mirounga leonina,53
Carolan,Blincowe,cblincoweho@joomla.org,campervan,Lemur fulvus,35
Shelby,Kidwell,skidwellhp@google.de,motorboat,Ctenophorus ornatus,22
Kriste,Getley,kgetleyhq@live.com,motorboat,Bettongia penicillata,31
Janice,Grzegorzewicz,jgrzegorzewiczhr@nydailynews.com,campervan,Bubo virginianus,60
Brittany,Plester,bplesterhs@marketwatch.com,campervan,Graspus graspus,62
Noby,Fairbairn,nfairbairnht@zimbio.com,campervan,Varanus albigularis,94
Pryce,Whittam,pwhittamhu@earthlink.net,RV,Sciurus vulgaris,33
Hastings,Faragher,hfaragherhv@tmall.com,bicycle,Sciurus niger,35
Esmeralda,Idle,eidlehw@yale.edu,campervan,Pycnonotus barbatus,48
Rebecka,Kinnach,rkinnachhx@miibeian.gov.cn,sailboat,Hippotragus equinus,1
Lilah,McCoid,lmccoidhy@wp.com,bicycle,Leptoptilos crumeniferus,90
Latrena,Hopfner,lhopfnerhz@freewebs.com,campervan,Sciurus niger,16
Paddy,Laugier,plaugieri0@techcrunch.com,campervan,Cacatua galerita,14
Jesse,Rosario,jrosarioi1@paypal.com,sailboat,Vulpes vulpes,51
Terrence,Lothlorien,tlothlorieni2@un.org,sailboat,Bucorvus leadbeateri,31
Concordia,Ramelet,crameleti3@state.tx.us,RV,Cochlearius cochlearius,39
Reta,Born,rborni4@slashdot.org,bicycle,Dendrohyrax brucel,87
Eolanda,Woloschin,ewoloschini5@microsoft.com,RV,Coluber constrictor,49
Sonnie,Sarch,ssarchi6@engadget.com,campervan,Diceros bicornis,94
Elfrida,Spraging,espragingi7@illinois.edu,motorboat,Acrobates pygmaeus,19
Fanechka,Gilligan,fgilligani8@irs.gov,sailboat,Canis aureus,44
Berkley,Espinel,bespineli9@kickstarter.com,sailboat,Damaliscus lunatus,74
Barty,Sheards,bsheardsia@wikimedia.org,bicycle,Cyrtodactylus louisiadensis,35
Buiron,Penman,bpenmanib@bluehost.com,motorboat,Felis silvestris lybica,39
Kerr,Hencke,khenckeic@smh.com.au,sailboat,Phaethon aethereus,34
Jarred,Croal,jcroalid@fotki.com,sailboat,Dendrocitta vagabunda,65
Sydelle,Mazin,smazinie@wufoo.com,motorboat,Genetta genetta,89
Griffy,Bainton,gbaintonif@squidoo.com,RV,Bettongia penicillata,46
Jillie,Gauvain,jgauvainig@flickr.com,motorboat,Haliaeetus leucocephalus,100
Candida,Dunnett,cdunnettih@state.tx.us,bicycle,Semnopithecus entellus,35
Kizzee,Andraud,kandraudii@surveymonkey.com,motorboat,Limnocorax flavirostra,23
Lucine,Lugsdin,llugsdinij@harvard.edu,campervan,Limosa haemastica,6
Forbes,MacFayden,fmacfaydenik@time.com,motorboat,Thylogale stigmatica,36
Perren,Trott,ptrottil@amazon.co.jp,bicycle,Lasiodora parahybana,40
Carrol,Gounin,cgouninim@webeden.co.uk,bicycle,Libellula quadrimaculata,22
Gustavo,Ashness,gashnessin@paginegialle.it,sailboat,Columba palumbus,9
Derby,Brennenstuhl,dbrennenstuhlio@themeforest.net,campervan,Pelecanus conspicillatus,20
Vernor,De Maine,vdemaineip@abc.net.au,campervan,Carphophis sp.,100
Carlo,Jenkins,cjenkinsiq@blog.com,sailboat,Tachyglossus aculeatus,49
Elsinore,Howsley,ehowsleyir@apple.com,motorboat,Hystrix indica,85
Devon,Agent,dagentis@dailymotion.com,bicycle,Dicrurus adsimilis,60
Adina,Paladini,apaladiniit@plala.or.jp,sailboat,Ciconia ciconia,66
Thedrick,Pitcaithly,tpitcaithlyiu@desdev.cn,sailboat,Plocepasser mahali,15
Ravid,Gane,rganeiv@miitbeian.gov.cn,sailboat,Larus dominicanus,87
Tammara,Beddie,tbeddieiw@ifeng.com,RV,Grus rubicundus,29
Luci,Kalinovich,lkalinovichix@dyndns.org,sailboat,Chauna torquata,5
Isabelle,Reeders,ireedersiy@mac.com,RV,Priodontes maximus,69
Corena,Pagitt,cpagittiz@paginegialle.it,sailboat,Zonotrichia capensis,12
Bridie,Handasyde,bhandasydej0@jugem.jp,bicycle,Alectura lathami,55
Matias,Giovannacci,mgiovannaccij1@abc.net.au,motorboat,Spermophilus lateralis,56
Bennie,Lamball,blamballj2@163.com,sailboat,Pituophis melanaleucus,22
Irwin,Doud,idoudj3@go.com,motorboat,Geochelone elegans,88
Thorsten,Prium,tpriumj4@4shared.com,bicycle,Ceryle rudis,53
Hayes,Basezzi,hbasezzij5@army.mil,RV,Taxidea taxus,22
Alanna,Milhench,amilhenchj6@tmall.com,sailboat,Lemur fulvus,52
Web,Glasbey,wglasbeyj7@chronoengine.com,RV,Phoenicopterus ruber,51
Thebault,Somers,tsomersj8@google.es,motorboat,Canis aureus,19
Melicent,Jorge,mjorgej9@simplemachines.org,campervan,Lophoaetus occipitalis,16
Rose,Gailor,rgailorja@newsvine.com,campervan,Hyaena hyaena,83
Crista,Powder,cpowderjb@dyndns.org,motorboat,Choloepus hoffmani,95
Luciana,Leaning,lleaningjc@cargocollective.com,RV,Ceratotherium simum,17
Viviana,Wattins,vwattinsjd@t.co,RV,Varanus salvator,68
Packston,Cadwaladr,pcadwaladrje@ibm.com,campervan,Plectopterus gambensis,59
Wildon,Austin,waustinjf@storify.com,sailboat,Cervus duvauceli,67
Jeramey,Burbridge,jburbridgejg@yale.edu,sailboat,Lasiorhinus latifrons,4
Leyla,Corkish,lcorkishjh@arizona.edu,bicycle,unavailable,8
Tara,McClenaghan,tmcclenaghanji@icio.us,sailboat,Bos frontalis,40
Raquel,Zwicker,rzwickerjj@wikia.com,motorboat,Mephitis mephitis,23
Glen,Vasnetsov,gvasnetsovjk@google.com.au,sailboat,Crotalus cerastes,97
Saxon,Eslemont,seslemontjl@mozilla.org,motorboat,Tachyglossus aculeatus,22
Afton,Applegarth,aapplegarthjm@bluehost.com,campervan,Spermophilus tridecemlineatus,48
Kimmy,Richardes,krichardesjn@springer.com,RV,Plectopterus gambensis,97
Stefano,Kristiansen,skristiansenjo@lycos.com,sailboat,Macropus rufus,89
Ax,Joscelin,ajoscelinjp@ovh.net,bicycle,Ctenophorus ornatus,16
Katina,Bastin,kbastinjq@businessweek.com,sailboat,Nasua narica,100
Risa,Wiggett,rwiggettjr@epa.gov,RV,Equus burchelli,86
Faina,Marcroft,fmarcroftjs@paginegialle.it,campervan,Stenella coeruleoalba,93
Gennie,Loyd,gloydjt@comcast.net,RV,Paraxerus cepapi,3
Francene,Georgot,fgeorgotju@apache.org,bicycle,Spheniscus mendiculus,29
Antonin,Kynton,akyntonjv@booking.com,sailboat,unavailable,14
Ricca,Harpin,rharpinjw@delicious.com,RV,Terrapene carolina,91
Ingmar,Giacomoni,igiacomonijx@washington.edu,RV,Tauraco porphyrelophus,47
Natty,Bartol,nbartoljy@irs.gov,campervan,Corvus albus,51
Wolf,Tompkin,wtompkinjz@exblog.jp,campervan,Eubalaena australis,35
Johnny,MacKeague,jmackeaguek0@t-online.de,bicycle,Choriotis kori,59
Camey,Vasser,cvasserk1@lycos.com,campervan,Megaderma spasma,61
Cass,Pendall,cpendallk2@google.nl,RV,Felis silvestris lybica,61
Shaylyn,Lukas,slukask3@ycombinator.com,RV,Erethizon dorsatum,41
Berta,Tousey,btouseyk4@dagondesign.com,RV,Haliaeetus leucocephalus,65
Leora,Sellman,lsellmank5@spiegel.de,sailboat,Psittacula krameri,88
Bradford,Frude,bfrudek6@illinois.edu,campervan,Tayassu pecari,46
Henry,Paver,hpaverk7@myspace.com,RV,Sciurus niger,78
Xever,De Moreno,xdemorenok8@exblog.jp,bicycle,Recurvirostra avosetta,2
Del,Flisher,dflisherk9@wikispaces.com,RV,Rhea americana,43
Sky,Brimacombe,sbrimacombeka@technorati.com,motorboat,Chelodina longicollis,47
Bartholomew,Acres,bacreskb@xinhuanet.com,RV,Varanus salvator,34
Stanley,Langer,slangerkc@aboutads.info,motorboat,Eolophus roseicapillus,42
Heidie,Fernanando,hfernanandokd@reference.com,sailboat,Geochelone elephantopus,60
De witt,Gresley,dgresleyke@mac.com,bicycle,Varanus albigularis,94
Belinda,Kocher,bkocherkf@discovery.com,RV,Aonyx capensis,87
Ulberto,Pountain,upountainkg@topsy.com,motorboat,Drymarchon corias couperi,35
Estella,MacAne,emacanekh@drupal.org,bicycle,Corvus brachyrhynchos,53
Kaine,Dungay,kdungayki@oakley.com,motorboat,Cacatua tenuirostris,32
Nico,Cejka,ncejkakj@theguardian.com,bicycle,Hymenolaimus malacorhynchus,53
Simon,Malim,smalimkk@hc360.com,campervan,Propithecus verreauxi,3
Orren,Wenham,owenhamkl@examiner.com,RV,Echimys chrysurus,3
Grannie,Howling,ghowlingkm@drupal.org,bicycle,Phalacrocorax varius,7
Gibbie,Hulles,ghulleskn@japanpost.jp,RV,Lasiorhinus latifrons,51
Wilt,Kenyam,wkenyamko@alexa.com,campervan,Ovis canadensis,16
Luisa,Trainor,ltrainorkp@walmart.com,RV,Felis concolor,5
Kassandra,McFee,kmcfeekq@dagondesign.com,motorboat,Castor canadensis,88
Dino,O'Corrane,docorranekr@webmd.com,bicycle,Sus scrofa,17
Arthur,Smittoune,asmittouneks@walmart.com,motorboat,Paraxerus cepapi,18
Jehu,Kivell,jkivellkt@naver.com,motorboat,Acridotheres tristis,64
Tera,Jurs,tjursku@lycos.com,RV,Centrocercus urophasianus,99
Raimund,Zanotti,rzanottikv@huffingtonpost.com,bicycle,Naja haje,16
Marylin,Ortsmann,mortsmannkw@odnoklassniki.ru,motorboat,Myrmecophaga tridactyla,56
Clerkclaude,Bish,cbishkx@nih.gov,bicycle,Cacatua tenuirostris,71
Ted,Prazor,tprazorky@wix.com,campervan,Felis pardalis,11
Felicity,Rembaud,frembaudkz@hatena.ne.jp,RV,Felis concolor,52
Nanine,Hise,nhisel0@europa.eu,sailboat,Cordylus giganteus,16
Seward,Duckerin,sduckerinl1@hibu.com,bicycle,Naja nivea,59
Biddie,Selkirk,bselkirkl2@clickbank.net,bicycle,unavailable,18
Francene,Catford,fcatfordl3@auda.org.au,bicycle,Sarcorhamphus papa,2
Celestina,Klejna,cklejnal4@engadget.com,sailboat,Cabassous sp.,33
Davin,Magnar,dmagnarl5@4shared.com,campervan,Corvus brachyrhynchos,56
Erik,Seldon,eseldonl6@rediff.com,campervan,Deroptyus accipitrinus,50
Marge,Puttick,mputtickl7@oaic.gov.au,bicycle,Erinaceus frontalis,39
Silvana,Dore,sdorel8@drupal.org,sailboat,Halcyon smyrnesis,2
Tallulah,Legging,tleggingl9@answers.com,sailboat,Meles meles,12
Penrod,Bassill,pbassillla@mozilla.com,RV,Mycteria leucocephala,42
Jessica,Hanmore,jhanmorelb@seattletimes.com,RV,Chlidonias leucopterus,81
Merle,Corless,mcorlesslc@tuttocitta.it,campervan,Spermophilus parryii,82
Camellia,Botterill,cbotterillld@discovery.com,campervan,Proteles cristatus,71
Lydia,Syddon,lsyddonle@yolasite.com,campervan,Cracticus nigroagularis,15
Myrilla,Pinckney,mpinckneylf@ow.ly,sailboat,Dicrostonyx groenlandicus,58
Carley,Euels,ceuelslg@wikispaces.com,bicycle,Neophoca cinerea,57
Mathe,Olifard,molifardlh@cornell.edu,campervan,Ratufa indica,17
Cecilia,Varnham,cvarnhamli@pbs.org,sailboat,Phalacrocorax albiventer,34
Horacio,Kenney,hkenneylj@techcrunch.com,sailboat,Tringa glareola,73
Candice,Janko,cjankolk@amazon.co.uk,motorboat,Haematopus ater,52
Oates,Kenryd,okenrydll@shareasale.com,bicycle,Pycnonotus barbatus,19
Lishe,MacTrusty,lmactrustylm@google.nl,RV,Ardea golieth,35
Luise,Poolton,lpooltonln@merriam-webster.com,motorboat,Bos taurus,23
Sherri,Ferroni,sferronilo@naver.com,bicycle,Felis yagouaroundi,80
Carlynn,Besset,cbessetlp@eventbrite.com,RV,Melursus ursinus,96
Kaspar,Pessolt,kpessoltlq@wisc.edu,campervan,Anas bahamensis,17
Allard,McCallam,amccallamlr@unblog.fr,RV,Tiliqua scincoides,45
Ruttger,Rawcliffe,rrawcliffels@livejournal.com,campervan,Funambulus pennati,8
Tori,Killingbeck,tkillingbecklt@angelfire.com,motorboat,Dendrocygna viduata,46
Freida,Martensen,fmartensenlu@list-manage.com,campervan,Echimys chrysurus,74
Falito,Shortcliffe,fshortcliffelv@a8.net,sailboat,Estrilda erythronotos,78
Annabel,Mincher,amincherlw@com.com,campervan,Nannopterum harrisi,33
Benoit,Jancy,bjancylx@ifeng.com,sailboat,Martes americana,90
Sandro,Danslow,sdanslowly@nsw.gov.au,sailboat,Acrantophis madagascariensis,89
Alyda,Sorey,asoreylz@weibo.com,sailboat,Vombatus ursinus,60
Annelise,Brangan,abranganm0@artisteer.com,sailboat,Phylurus milli,9
Gibb,Rivallant,grivallantm1@techcrunch.com,campervan,Eudromia elegans,72
Nobe,Ambler,namblerm2@wiley.com,bicycle,Nectarinia chalybea,18
Rosalynd,Cowherd,rcowherdm3@ed.gov,RV,Grus canadensis,14
Dina,Campaigne,dcampaignem4@mtv.com,bicycle,Nycticorax nycticorax,30
Land,Kirkwood,lkirkwoodm5@fastcompany.com,sailboat,Lutra canadensis,62
Urbano,Beecroft,ubeecroftm6@earthlink.net,RV,Hymenolaimus malacorhynchus,56
Frankie,Missenden,fmissendenm7@prweb.com,RV,Petaurus breviceps,52
Barney,Bensen,bbensenm8@nifty.com,sailboat,Laniarius ferrugineus,41
Timmie,Coraini,tcorainim9@geocities.com,motorboat,Macropus agilis,43
Chloette,Schapiro,cschapiroma@army.mil,sailboat,Francolinus leucoscepus,58
Kyle,Marusyak,kmarusyakmb@washington.edu,motorboat,Nyctereutes procyonoides,5
Arch,Rubinek,arubinekmc@netvibes.com,sailboat,Genetta genetta,39
Cloris,Metzing,cmetzingmd@trellian.com,campervan,unavailable,61
Orion,Hewson,ohewsonme@statcounter.com,motorboat,Xerus sp.,8
Nataniel,Reyson,nreysonmf@mtv.com,bicycle,Tetracerus quadricornis,33
Willey,Petti,wpettimg@nasa.gov,campervan,Crotalus adamanteus,48
Jay,Golden of Ireland,jgoldenofirelandmh@dell.com,sailboat,Tiliqua scincoides,73
Calley,Cuseck,ccuseckmi@clickbank.net,sailboat,Hystrix cristata,47
Karly,Verson,kversonmj@tinypic.com,sailboat,Anhinga rufa,51
Matilda,Sarfatti,msarfattimk@linkedin.com,campervan,Trichoglossus haematodus moluccanus,49
Ola,Dollard,odollardml@meetup.com,bicycle,Bubalus arnee,34
Georges,Mickan,gmickanmm@fotki.com,sailboat,unavailable,91
Meryl,Eddins,meddinsmn@skyrock.com,campervan,Ovis ammon,56
Meade,Ingleson,minglesonmo@printfriendly.com,sailboat,Megaderma spasma,38
Raimundo,Mounce,rmouncemp@ning.com,bicycle,Diomedea irrorata,48
Inna,Becket,ibecketmq@addtoany.com,bicycle,Plegadis falcinellus,42
Aprilette,Shapcott,ashapcottmr@miibeian.gov.cn,campervan,Macropus robustus,99
Coletta,Bury,cburyms@moonfruit.com,bicycle,Cordylus giganteus,28
Reynolds,Cristofor,rcristoformt@usda.gov,motorboat,Gopherus agassizii,10
Clementius,Howels,chowelsmu@theguardian.com,motorboat,Naja haje,9
Wadsworth,Alenin,waleninmv@goodreads.com,motorboat,Dendrohyrax brucel,36
Marlo,Di Antonio,mdiantoniomw@slate.com,campervan,unavailable,81
Lora,Kelston,lkelstonmx@europa.eu,motorboat,Physignathus cocincinus,67
Micheal,McTiernan,mmctiernanmy@creativecommons.org,motorboat,Vombatus ursinus,90
Blinni,Stoneman,bstonemanmz@homestead.com,sailboat,Phalaropus fulicarius,45
Shaylah,Burtenshaw,sburtenshawn0@diigo.com,motorboat,Geochelone radiata,98
Ruben,Castelin,rcastelinn1@spiegel.de,RV,Bucorvus leadbeateri,41
Adria,Duckworth,aduckworthn2@diigo.com,campervan,Colobus guerza,25
Kayla,Collin,kcollinn3@ow.ly,campervan,Paroaria gularis,21
Irina,McVee,imcveen4@ow.ly,campervan,Plocepasser mahali,86
Alvera,Brandel,abrandeln5@etsy.com,RV,Spermophilus richardsonii,80
Lou,Vauls,lvaulsn6@wiley.com,motorboat,Cygnus buccinator,45
Kristal,Cettell,kcettelln7@booking.com,sailboat,Pseudoleistes virescens,79
Phedra,Bigrigg,pbigriggn8@globo.com,RV,Sagittarius serpentarius,66
Tamera,Landrick,tlandrickn9@microsoft.com,RV,Coracias caudata,56
Corey,Joutapaitis,cjoutapaitisna@umn.edu,bicycle,Dendrohyrax brucel,75
Janene,Lound,jloundnb@howstuffworks.com,motorboat,Corvus brachyrhynchos,60
Smitty,Pockey,spockeync@hp.com,sailboat,Phoeniconaias minor,71
Casey,Kort,ckortnd@webeden.co.uk,sailboat,Diomedea irrorata,59
Billi,Huddles,bhuddlesne@soup.io,motorboat,Lycaon pictus,52
Gabie,Sibbs,gsibbsnf@yellowpages.com,RV,Erinaceus frontalis,34
Judon,Rigeby,jrigebyng@amazonaws.com,RV,Chlidonias leucopterus,18
Tripp,Syrett,tsyrettnh@mysql.com,campervan,Acrantophis madagascariensis,50
Loy,Pellamonuten,lpellamonutenni@webs.com,motorboat,Rhea americana,48
Cora,Aucourte,caucourtenj@cbsnews.com,campervan,Milvus migrans,94
Tammy,Fookes,tfookesnk@ustream.tv,sailboat,Milvago chimachima,48
Cord,Henri,chenrinl@sitemeter.com,bicycle,Carduelis uropygialis,79
Max,Sprosson,msprossonnm@fotki.com,motorboat,Aegypius tracheliotus,87
Niles,Benoi,nbenoinn@opensource.org,sailboat,Boa constrictor mexicana,75
Riane,MacGruer,rmacgruerno@51.la,sailboat,unavailable,95
Horatio,Moorcroft,hmoorcroftnp@ebay.com,RV,Canis lupus lycaon,69
Trstram,Sivill,tsivillnq@yellowpages.com,sailboat,Milvago chimachima,71
Harland,Stephenson,hstephensonnr@gravatar.com,sailboat,Oreotragus oreotragus,89
Lissa,Collen,lcollenns@google.de,motorboat,Alopochen aegyptiacus,77
Eleanore,Densham,edenshamnt@e-recht24.de,sailboat,Coluber constrictor,7
Waverley,Wilcinskis,wwilcinskisnu@huffingtonpost.com,bicycle,Bubulcus ibis,27
Adelina,Mattia,amattianv@histats.com,sailboat,Hymenolaimus malacorhynchus,25
Edy,Deschelle,edeschellenw@elegantthemes.com,RV,Acrobates pygmaeus,74
Stephen,Theuff,stheuffnx@sohu.com,campervan,Tachyglossus aculeatus,77
Kevina,Hasser,khasserny@timesonline.co.uk,RV,Dasyurus viverrinus,76
Hunter,Willmont,hwillmontnz@prnewswire.com,sailboat,Canis aureus,66
Zebulon,Riddett,zriddetto0@unicef.org,bicycle,Papio cynocephalus,96
Addy,Bicksteth,abickstetho1@usatoday.com,motorboat,Tiliqua scincoides,49
Ezechiel,Cockin,ecockino2@multiply.com,RV,Pseudocheirus peregrinus,75
Emmet,Pashler,epashlero3@google.nl,bicycle,Chelodina longicollis,69
Amalita,Cavanaugh,acavanaugho4@buzzfeed.com,RV,Chelodina longicollis,46
Monique,Aldwick,maldwicko5@berkeley.edu,bicycle,Aonyx capensis,9
Red,Canas,rcanaso6@usgs.gov,RV,Canis aureus,92
Pamella,Batho,pbathoo7@yale.edu,motorboat,Melophus lathami,75
Britte,Suttill,bsuttillo8@typepad.com,sailboat,Bos taurus,7
Arnaldo,Kittle,akittleo9@theatlantic.com,RV,Ursus maritimus,25
Sheppard,Slowan,sslowanoa@umn.edu,motorboat,Pseudocheirus peregrinus,1
Dud,Aylward,daylwardob@netscape.com,RV,Struthio camelus,1
Lindsay,Bewicke,lbewickeoc@ning.com,sailboat,Prionace glauca,64
Wilmar,Advani,wadvaniod@mozilla.org,RV,Felis silvestris lybica,12
Caryl,Harraway,charrawayoe@ning.com,campervan,Junonia genoveua,18
Kalil,Kumar,kkumarof@discuz.net,RV,Rhea americana,82
Vera,Vick,vvickog@symantec.com,RV,Marmota monax,85
Quent,Throughton,qthroughtonoh@washington.edu,motorboat,Pycnonotus nigricans,100
Dru,Race,draceoi@hugedomains.com,sailboat,Dasyurus maculatus,7
Hedi,Cyples,hcyplesoj@techcrunch.com,motorboat,Loxodonta africana,34
Dal,Halbord,dhalbordok@unesco.org,RV,Boa constrictor mexicana,4
Shir,Ring,sringol@bizjournals.com,motorboat,Dendrocygna viduata,67
Alfredo,McCoy,amccoyom@webeden.co.uk,motorboat,Aquila chrysaetos,72
Ansel,Dignam,adignamon@unc.edu,bicycle,Lepus arcticus,33
Dwight,Korneichuk,dkorneichukoo@ted.com,RV,Fulica cristata,77
Roberta,Suarez,rsuarezop@sphinn.com,sailboat,Podargus strigoides,100
Gabriella,Alabone,galaboneoq@tripod.com,RV,Phascogale tapoatafa,7
Nat,Smy,nsmyor@rakuten.co.jp,sailboat,Anthropoides paradisea,22
Bax,Witnall,bwitnallos@mashable.com,bicycle,Lorythaixoides concolor,97
Rozalie,Yurchenko,ryurchenkoot@tinypic.com,sailboat,Philetairus socius,44
Angeli,Bolton,aboltonou@alexa.com,campervan,Zenaida galapagoensis,45
Allissa,Tanner,atannerov@boston.com,campervan,Loris tardigratus,100
Penny,Dwire,pdwireow@geocities.com,motorboat,Equus hemionus,96
Kylen,Brommage,kbrommageox@t.co,RV,Balearica pavonina,70
Danice,Birkenshaw,dbirkenshawoy@simplemachines.org,campervan,Chionis alba,79
Helene,Dibben,hdibbenoz@nytimes.com,campervan,Pteronura brasiliensis,66
Hope,Franciskiewicz,hfranciskiewiczp0@blog.com,bicycle,Chlidonias leucopterus,29
Ruperto,Mogford,rmogfordp1@bloglines.com,motorboat,Stenella coeruleoalba,43
Zilvia,Bjerkan,zbjerkanp2@vistaprint.com,campervan,Bubo virginianus,6
Gerhard,Grancher,ggrancherp3@usnews.com,campervan,Varanus sp.,71
Clarissa,Fragino,cfraginop4@vk.com,bicycle,Ursus arctos,56
Teodora,Callaway,tcallawayp5@narod.ru,campervan,Panthera leo persica,4
Darline,Adair,dadairp6@instagram.com,sailboat,Actophilornis africanus,89
Gray,Malser,gmalserp7@slideshare.net,bicycle,Colobus guerza,56
Mallory,Buckoke,mbuckokep8@timesonline.co.uk,RV,Cebus nigrivittatus,93
Willy,Budgey,wbudgeyp9@skyrock.com,RV,Pseudalopex gymnocercus,56
Franklyn,Helgass,fhelgasspa@cpanel.net,sailboat,Varanus salvator,26
Dame,Smeeth,dsmeethpb@intel.com,sailboat,Vulpes vulpes,15
Alfi,Brayne,abraynepc@furl.net,campervan,Neotis denhami,24
Danielle,Pickering,dpickeringpd@xrea.com,RV,Funambulus pennati,78
Jody,Duchenne,jduchennepe@squarespace.com,sailboat,Antidorcas marsupialis,62
Persis,Endacott,pendacottpf@nbcnews.com,bicycle,unavailable,90
Sumner,Bailess,sbailesspg@mozilla.org,motorboat,Columba palumbus,25
Reeva,Allmen,rallmenph@earthlink.net,bicycle,Perameles nasuta,24
Fabian,Mathivat,fmathivatpi@wp.com,bicycle,Echimys chrysurus,6
Midge,Tees,mteespj@artisteer.com,RV,Phalacrocorax brasilianus,83
Matias,Olanda,molandapk@theguardian.com,sailboat,Geochelone elegans,2
Heddi,Neild,hneildpl@wikipedia.org,sailboat,Chlamydosaurus kingii,3
Cory,Blagdon,cblagdonpm@dedecms.com,campervan,Gymnorhina tibicen,89
Dorice,Aldrick,daldrickpn@last.fm,sailboat,Dasyurus maculatus,36
Odelle,Drissell,odrissellpo@umn.edu,motorboat,Sula dactylatra,39
Anstice,Brookwell,abrookwellpp@squarespace.com,bicycle,Phascogale calura,85
Rudiger,Plaide,rplaidepq@phoca.cz,RV,Anitibyx armatus,69
Orelle,Schimoni,oschimonipr@skype.com,campervan,Odocoilenaus virginianus,20
Dionne,Arnaldy,darnaldyps@surveymonkey.com,bicycle,Irania gutteralis,54
Alison,Flawith,aflawithpt@ox.ac.uk,bicycle,Centrocercus urophasianus,2
Terri,Warters,twarterspu@aboutads.info,sailboat,Phalaropus fulicarius,26
Siegfried,Scimone,sscimonepv@sciencedirect.com,campervan,Semnopithecus entellus,73
Anna,Robinett,arobinettpw@tinypic.com,campervan,Ovibos moschatus,9
Olwen,Lowery,olowerypx@youtube.com,bicycle,Sterna paradisaea,2
Morissa,Tomes,mtomespy@bigcartel.com,RV,Bison bison,83
Daile,Barnby,dbarnbypz@timesonline.co.uk,RV,Calyptorhynchus magnificus,26
Melisandra,Lackham,mlackhamq0@wikispaces.com,RV,Paradoxurus hermaphroditus,18
Kalli,Bambrugh,kbambrughq1@t-online.de,campervan,Ara chloroptera,6
Stephanie,Laundon,slaundonq2@shinystat.com,campervan,Centrocercus urophasianus,59
Aurora,Karlicek,akarlicekq3@ucoz.com,campervan,Chlidonias leucopterus,95
Ebony,Hafford,ehaffordq4@wikia.com,campervan,Canis dingo,71
Kingsly,Ormes,kormesq5@creativecommons.org,bicycle,Panthera leo,47
Zarah,Grisard,zgrisardq6@blogspot.com,RV,Haliaetus vocifer,81
Elia,Tibbs,etibbsq7@reference.com,RV,Lycaon pictus,33
Jocelyn,Hanson,jhansonq8@microsoft.com,motorboat,Junonia genoveua,52
Christian,Tight,ctightq9@sohu.com,bicycle,Francolinus coqui,3
Giuditta,Dinan,gdinanqa@cdc.gov,RV,Rhea americana,39
Sioux,Hansana,shansanaqb@dmoz.org,sailboat,Cordylus giganteus,33
Kelly,Nannini,knanniniqc@baidu.com,RV,Alcelaphus buselaphus cokii,59
Tannie,Galletly,tgalletlyqd@gmpg.org,motorboat,Merops nubicus,3
Cirillo,Lorincz,clorinczqe@imdb.com,bicycle,Heloderma horridum,17
Stacee,Scrase,sscraseqf@techcrunch.com,campervan,Casmerodius albus,31
Kaela,Moss,kmossqg@unc.edu,sailboat,Varanus sp.,18
Gretel,Ducaen,gducaenqh@wikimedia.org,motorboat,Dasypus septemcincus,3
Janifer,Rossetti,jrossettiqi@columbia.edu,campervan,Macaca mulatta,75
Daisie,Wardingley,dwardingleyqj@accuweather.com,motorboat,Marmota monax,40
Barris,Vasyukhin,bvasyukhinqk@ucoz.com,bicycle,Loris tardigratus,53
Jeanelle,Pirnie,jpirnieql@altervista.org,sailboat,Chelodina longicollis,62
Gray,Gadie,ggadieqm@example.com,bicycle,Felis libyca,16
Brittan,Merigot,bmerigotqn@bluehost.com,sailboat,Gyps bengalensis,37
Ashlee,Kunzel,akunzelqo@about.me,bicycle,Eremophila alpestris,84
Eamon,Pollicott,epollicottqp@ask.com,campervan,Creagrus furcatus,100
Ceciley,Arnfield,carnfieldqq@google.com.au,motorboat,Axis axis,29
Cecil,Aspinwall,caspinwallqr@sourceforge.net,bicycle,Trichechus inunguis,83
Nealon,Liggett,nliggettqs@ezinearticles.com,motorboat,Phalacrocorax brasilianus,65
Randee,Gudger,rgudgerqt@utexas.edu,campervan,Mephitis mephitis,18
Flossi,Wein,fweinqu@arizona.edu,bicycle,Cereopsis novaehollandiae,90
Jarib,Claque,jclaqueqv@tinypic.com,sailboat,Lasiorhinus latifrons,8
Patti,de la Tremoille,pdelatremoilleqw@altervista.org,sailboat,Neophron percnopterus,25
Maddie,Scaice,mscaiceqx@blog.com,RV,unavailable,23
Ron,Freund,rfreundqy@diigo.com,campervan,Taxidea taxus,18
Lambert,Fair,lfairqz@csmonitor.com,RV,Dasypus septemcincus,36
Clarie,Seamen,cseamenr0@wikimedia.org,campervan,Acridotheres tristis,52
Darsey,Saiens,dsaiensr1@vimeo.com,campervan,Gyps fulvus,87
Bathsheba,Kasman,bkasmanr2@icq.com,RV,Dasyurus maculatus,51
Far,Viccary,fviccaryr3@netvibes.com,RV,Microcavia australis,85
Broddie,Romanini,bromaninir4@blogspot.com,bicycle,Ara ararauna,93
Abbe,Goodsir,agoodsirr5@forbes.com,RV,Larus fuliginosus,19
Willi,Gabbotts,wgabbottsr6@apple.com,RV,Iguana iguana,76
Roseanne,Zute,rzuter7@furl.net,sailboat,Zenaida asiatica,88
Kissiah,Ibbetson,kibbetsonr8@php.net,campervan,Dasyurus viverrinus,42
Shanda,Kinnard,skinnardr9@exblog.jp,motorboat,Deroptyus accipitrinus,28
Kim,Clows,kclowsra@macromedia.com,RV,Phoca vitulina,57
Horton,Antrum,hantrumrb@rediff.com,motorboat,unavailable,13
Dore,Hucklesby,dhucklesbyrc@imageshack.us,bicycle,Priodontes maximus,23
Augustus,Chasle,achaslerd@soundcloud.com,RV,Felis concolor,67
Bethina,Taig,btaigre@topsy.com,RV,Ateles paniscus,74
Ax,Eam,aeamrf@histats.com,bicycle,Coracias caudata,19
Deanna,Dorning,ddorningrg@ocn.ne.jp,RV,Morelia spilotes variegata,14
Feliks,Payn,fpaynrh@rakuten.co.jp,motorboat,Tockus flavirostris,16
Leesa,Bartkiewicz,lbartkiewiczri@booking.com,RV,Vanellus chilensis,70
Phyllis,Dorkin,pdorkinrj@bloglovin.com,sailboat,Hippotragus niger,88
Betteanne,Jeffrey,bjeffreyrk@addtoany.com,campervan,Oryx gazella,55
Bendix,Jiles,bjilesrl@typepad.com,RV,unavailable,100
Ilsa,Fugere,ifugererm@pbs.org,campervan,Bos taurus,20
Ardath,Storrar,astorrarrn@ucsd.edu,motorboat,Ursus maritimus,90
Goldina,Ruslinge,gruslingero@google.com,motorboat,Tragelaphus strepsiceros,62
Holly-anne,Marson,hmarsonrp@imgur.com,campervan,Physignathus cocincinus,70
Biron,Caesman,bcaesmanrq@dyndns.org,sailboat,Eudyptula minor,97
Kimbell,Mahmood,kmahmoodrr@webeden.co.uk,campervan,Laniaurius atrococcineus,12
