Mel,Paulack,mpaulack0@wiley.com,campervan,Mellivora capensis,73
Kenny,Dennehy,kdennehy1@odnoklassniki.ru,sailboat,Phalacrocorax carbo,91
Shurlock,Clere,sclere2@berkeley.edu,bicycle,Oxybelis fulgidus,49
Alisander,Coneron,aconeron3@wisc.edu,motorboat,Alectura lathami,90
Dasie,Prattington,dprattington4@noaa.gov,campervan,Tockus erythrorhyncus,66
Chic,Mackro,cmackro5@yellowpages.com,motorboat,Thylogale stigmatica,91
Sheppard,Swindin,sswindin6@pinterest.com,campervan,Canis lupus lycaon,74
Edan,Haggis,ehaggis7@drupal.org,bicycle,Himantopus himantopus,18
Tabb,Whitehead,twhitehead8@google.nl,sailboat,Mycteria ibis,66
Quentin,Cranton,qcranton9@typepad.com,RV,Manouria emys,54
Aeriela,Spellsworth,aspellswortha@cbslocal.com,RV,Francolinus swainsonii,86
Winston,Bernucci,wbernuccib@dailymail.co.uk,RV,Phoenicopterus chilensis,91
Ephraim,Oels,eoelsc@studiopress.com,RV,Pseudoleistes virescens,36
Harwell,Thickins,hthickinsd@macromedia.com,campervan,Platalea leucordia,87
Vanna,Spinello,vspinelloe@intel.com,motorboat,Phaethon aethereus,58
Gherardo,Clarson,gclarsonf@lycos.com,bicycle,Laniaurius atrococcineus,23
Kim,Carrivick,kcarrivickg@earthlink.net,bicycle,Spermophilus tridecemlineatus,100
Arlette,Satterlee,asatterleeh@behance.net,RV,Chelodina longicollis,96
Gardy,Rattrie,grattriei@timesonline.co.uk,RV,Fregata magnificans,31
Cynthy,De Benedetti,cdebenedettij@unicef.org,campervan,Procyon cancrivorus,98
Charis,Moodycliffe,cmoodycliffek@youtube.com,bicycle,Mellivora capensis,53
Isacco,Latty,ilattyl@usda.gov,bicycle,Zalophus californicus,95
Peder,Petschelt,ppetscheltm@mit.edu,sailboat,Damaliscus dorcas,90
Etheline,Norway,enorwayn@psu.edu,sailboat,Graspus graspus,75
Erastus,Sheach,esheacho@ifeng.com,sailboat,Carduelis pinus,75
Dusty,Goulder,dgoulderp@diigo.com,sailboat,Ninox superciliaris,15
Garold,Donet,gdonetq@washington.edu,motorboat,Pseudalopex gymnocercus,8
Ceciley,MacKartan,cmackartanr@tripadvisor.com,bicycle,Zenaida galapagoensis,63
Zitella,LaBastida,zlabastidas@furl.net,motorboat,Vulpes vulpes,37
Ekaterina,Blind,eblindt@tuttocitta.it,campervan,Canis aureus,98
Joni,Midden,jmiddenu@netvibes.com,motorboat,Connochaetus taurinus,52
Edmund,Lunck,elunckv@yandex.ru,bicycle,Ovis ammon,21
Jenn,Yeend,jyeendw@nymag.com,sailboat,Spermophilus tridecemlineatus,63
Grace,Vernazza,gvernazzax@oaic.gov.au,motorboat,Choloepus hoffmani,58
Michele,Giovannelli,mgiovannelliy@pen.io,campervan,Cathartes aura,96
Wilone,Walster,wwalsterz@drupal.org,motorboat,Eumetopias jubatus,15
Matteo,Heustice,mheustice10@cpanel.net,motorboat,Tauraco porphyrelophus,85
Sydelle,Peddar,speddar11@geocities.com,sailboat,Iguana iguana,9
Avram,Ashton,aashton12@pbs.org,sailboat,Tadorna tadorna,1
Glen,O'Sculley,gosculley13@ow.ly,motorboat,Centrocercus urophasianus,51
Con,Mirfin,cmirfin14@creativecommons.org,bicycle,Cebus albifrons,73
Leonidas,Vaudre,lvaudre15@addtoany.com,sailboat,Streptopelia senegalensis,4
Herbie,Kidner,hkidner16@icq.com,sailboat,Hyaena hyaena,56
Darby,Mowen,dmowen17@unesco.org,bicycle,Lemur catta,30
Trudey,Tilliards,ttilliards18@wix.com,bicycle,Colobus guerza,42
Hilly,Domek,hdomek19@people.com.cn,bicycle,Varanus salvator,11
Corabella,Poltone,cpoltone1a@ucoz.ru,bicycle,Alopochen aegyptiacus,45
Leontyne,Arlt,larlt1b@nationalgeographic.com,campervan,Junonia genoveua,69
Hagan,Dunne,hdunne1c@parallels.com,motorboat,Acrantophis madagascariensis,39
Carri,Thuillier,cthuillier1d@homestead.com,motorboat,Haliaetus vocifer,6
Linn,Hearse,lhearse1e@xinhuanet.com,RV,Sarcorhamphus papa,8
Dunn,Covely,dcovely1f@booking.com,motorboat,Manouria emys,4
Linus,Ballentime,lballentime1g@dion.ne.jp,sailboat,Lorythaixoides concolor,59
Barnett,Colmer,bcolmer1h@narod.ru,sailboat,Eudromia elegans,25
Gaspard,Dunseath,gdunseath1i@nationalgeographic.com,bicycle,Turtur chalcospilos,36
Kimball,Sommerton,ksommerton1j@spiegel.de,sailboat,Cynomys ludovicianus,94
Had,Klawi,hklawi1k@ed.gov,campervan,Connochaetus taurinus,3
Renard,McKevitt,rmckevitt1l@msn.com,bicycle,unavailable,8
Joshua,Sliney,jsliney1m@upenn.edu,campervan,Nesomimus trifasciatus,35
Barnie,Berrie,bberrie1n@deviantart.com,RV,Zalophus californicus,59
Helli,Cleyburn,hcleyburn1o@hud.gov,sailboat,Equus burchelli,30
Theressa,Oliveras,toliveras1p@yolasite.com,motorboat,Uraeginthus angolensis,77
Standford,Slowley,sslowley1q@europa.eu,motorboat,Neotis denhami,51
Patty,Matuschek,pmatuschek1r@mysql.com,sailboat,Chlidonias leucopterus,93
Langsdon,Doleman,ldoleman1s@typepad.com,motorboat,Tadorna tadorna,22
Cody,Cannaway,ccannaway1t@cpanel.net,sailboat,Odocoilenaus virginianus,17
Nat,Farden,nfarden1u@pinterest.com,sailboat,Sauromalus obesus,77
Cirillo,Woollin,cwoollin1v@webmd.com,campervan,Philetairus socius,41
Jackie,Lyptratt,jlyptratt1w@unblog.fr,bicycle,Pteronura brasiliensis,35
Lilian,Ortner,lortner1x@dailymotion.com,bicycle,Ara chloroptera,1
Viole,Rumble,vrumble1y@boston.com,campervan,Stercorarius longicausus,15
Dulci,Reinisch,dreinisch1z@csmonitor.com,campervan,Nycticorax nycticorax,3
Duane,Hubatsch,dhubatsch20@chicagotribune.com,campervan,Connochaetus taurinus,49
Joly,Tollit,jtollit21@forbes.com,RV,Alopex lagopus,14
Christyna,Jahan,cjahan22@elpais.com,motorboat,Bassariscus astutus,4
Dunstan,Addeycott,daddeycott23@miibeian.gov.cn,campervan,Graspus graspus,10
Christie,Kener,ckener24@mit.edu,campervan,Pseudoleistes virescens,62
Marybelle,Rubinfajn,mrubinfajn25@blogspot.com,sailboat,Cereopsis novaehollandiae,21
Nanice,Dight,ndight26@globo.com,RV,Ramphastos tucanus,67
Raynard,MacCartair,rmaccartair27@yahoo.co.jp,RV,Semnopithecus entellus,50
Eva,Haldon,ehaldon28@psu.edu,RV,Macropus rufus,79
Byran,Traite,btraite29@nhs.uk,campervan,Felis concolor,20
Margarethe,MacUchadair,mmacuchadair2a@apache.org,RV,Chelodina longicollis,85
Zorana,Jenno,zjenno2b@i2i.jp,sailboat,Sylvilagus floridanus,100
Kristy,Pauel,kpauel2c@omniture.com,sailboat,Cervus unicolor,33
Kelci,Skerm,kskerm2d@etsy.com,RV,Crax sp.,43
Dorian,Adicot,dadicot2e@reference.com,campervan,Dasypus novemcinctus,20
Keefer,Novichenko,knovichenko2f@issuu.com,RV,Nesomimus trifasciatus,58
Dante,McReynolds,dmcreynolds2g@bbb.org,motorboat,Panthera onca,39
Bevin,Dewire,bdewire2h@mysql.com,motorboat,Ovis dalli stonei,51
Cherilyn,Moorcroft,cmoorcroft2i@nhs.uk,sailboat,Iguana iguana,56
Tyne,Kincaid,tkincaid2j@sciencedirect.com,RV,Cyrtodactylus louisiadensis,12
Kristofer,Penfold,kpenfold2k@wikispaces.com,motorboat,Spizaetus coronatus,27
Fremont,Wedon,fwedon2l@wunderground.com,RV,Propithecus verreauxi,80
Saundra,Claye,sclaye2m@aboutads.info,motorboat,Potorous tridactylus,8
Rutter,Weatherhead,rweatherhead2n@sciencedirect.com,bicycle,Semnopithecus entellus,77
Ivette,Guise,iguise2o@wunderground.com,motorboat,Anser caerulescens,4
Jonie,Zieme,jzieme2p@earthlink.net,bicycle,Acridotheres tristis,95
Charlotta,Greeno,cgreeno2q@ted.com,motorboat,Gyps fulvus,60
Earlie,Showen,eshowen2r@1und1.de,sailboat,Crocodylus niloticus,90
Benetta,Gallo,bgallo2s@wufoo.com,motorboat,Lama pacos,6
Loree,Gruczka,lgruczka2t@spiegel.de,bicycle,Neotoma sp.,60
Michaeline,Powers,mpowers2u@phpbb.com,bicycle,Scolopax minor,37
Joellen,Ceschelli,jceschelli2v@sphinn.com,bicycle,Hippotragus equinus,18
Brittany,Skyner,bskyner2w@webs.com,RV,Macropus agilis,77
Meredith,Conneely,mconneely2x@aol.com,campervan,Tachyglossus aculeatus,35
Revkah,Aviss,raviss2y@ft.com,campervan,Erethizon dorsatum,75
Eba,Riby,eriby2z@sakura.ne.jp,RV,Ceratotherium simum,74
Tobi,Yexley,tyexley30@homestead.com,motorboat,Psophia viridis,25
Gill,Joselovitch,gjoselovitch31@addtoany.com,sailboat,Felis caracal,67
Gaby,Hubbold,ghubbold32@ehow.com,bicycle,Macropus giganteus,12
Mariellen,Godfree,mgodfree33@ucoz.ru,campervan,Ramphastos tucanus,32
Boigie,Durante,bdurante34@nasa.gov,campervan,Isoodon obesulus,84
Randolf,Pauncefort,rpauncefort35@indiegogo.com,bicycle,Paradoxurus hermaphroditus,86
Dedie,Easson,deasson36@discovery.com,bicycle,Anthropoides paradisea,40
Innis,Fontin,ifontin37@phpbb.com,sailboat,Mycteria ibis,89
Joane,Gascoigne,jgascoigne38@qq.com,motorboat,Sula dactylatra,74
Blinny,Cosgrove,bcosgrove39@auda.org.au,motorboat,Callorhinus ursinus,9
Debor,Defew,ddefew3a@marketwatch.com,campervan,Geochelone elegans,60
Demeter,Kittiman,dkittiman3b@weather.com,RV,Semnopithecus entellus,87
Trey,Bulbeck,tbulbeck3c@google.com.hk,campervan,Aegypius tracheliotus,91
Mayne,Chellam,mchellam3d@nba.com,campervan,Herpestes javanicus,34
Philis,Ferrandez,pferrandez3e@yahoo.com,sailboat,Climacteris melanura,95
Mel,Gillingham,mgillingham3f@livejournal.com,motorboat,Sarcophilus harrisii,32
Karil,Capitano,kcapitano3g@soundcloud.com,motorboat,Larus fuliginosus,43
Marie-ann,Maldin,mmaldin3h@livejournal.com,sailboat,Meles meles,79
Esra,Oblein,eoblein3i@ezinearticles.com,motorboat,Tachyglossus aculeatus,72
Jelene,Kaine,jkaine3j@apple.com,bicycle,Alopex lagopus,84
Meara,Tanton,mtanton3k@g.co,motorboat,Equus burchelli,28
Andrea,Fitzsymon,afitzsymon3l@quantcast.com,bicycle,Ursus americanus,63
Gerhard,Sweetmore,gsweetmore3m@nationalgeographic.com,motorboat,Felis concolor,7
Vernice,Downie,vdownie3n@furl.net,motorboat,Felis wiedi or Leopardus weidi,42
Avram,Ferrettini,aferrettini3o@weebly.com,motorboat,Anastomus oscitans,13
Selma,Pancoast,spancoast3p@odnoklassniki.ru,bicycle,Nyctanassa violacea,90
Joanie,Brastead,jbrastead3q@etsy.com,RV,Trachyphonus vaillantii,3
Gonzales,Budnik,gbudnik3r@theglobeandmail.com,motorboat,Bubo virginianus,79
Immanuel,Prevost,iprevost3s@github.io,RV,Sylvicapra grimma,91
Eb,Orwin,eorwin3t@cornell.edu,RV,Milvus migrans,59
Cosimo,Ship,cship3u@buzzfeed.com,bicycle,Meles meles,90
Malena,Cardinal,mcardinal3v@feedburner.com,campervan,Leipoa ocellata,43
Maddie,Haycox,mhaycox3w@biblegateway.com,RV,Zosterops pallidus,29
Adham,Musson,amusson3x@harvard.edu,bicycle,Coluber constrictor,97
Faye,Cartner,fcartner3y@forbes.com,bicycle,Oryx gazella callotis,25
Nels,Hender,nhender3z@canalblog.com,RV,Zonotrichia capensis,55
Egon,Colcutt,ecolcutt40@topsy.com,motorboat,Phoenicopterus ruber,17
Nikola,Lapidus,nlapidus41@pcworld.com,campervan,Varanus komodensis,28
Claudetta,Charleston,ccharleston42@house.gov,RV,Cebus apella,35
Arlette,Beardmore,abeardmore43@biglobe.ne.jp,sailboat,unavailable,24
Teddy,Klishin,tklishin44@infoseek.co.jp,RV,Cracticus nigroagularis,30
Florry,Avory,favory45@facebook.com,sailboat,Dasyurus viverrinus,47
Sena,Rawcliffe,srawcliffe46@g.co,bicycle,Eolophus roseicapillus,43
Papagena,Gueny,pgueny47@narod.ru,sailboat,Canis mesomelas,21
Frank,Leindecker,fleindecker48@craigslist.org,campervan,Felis silvestris lybica,42
Nert,Fanthom,nfanthom49@berkeley.edu,motorboat,Meles meles,14
Ruben,Arkin,rarkin4a@techcrunch.com,sailboat,Ara ararauna,84
Abran,Sends,asends4b@mayoclinic.com,campervan,Aonyx cinerea,60
Georgina,Franzelini,gfranzelini4c@unblog.fr,bicycle,Cervus duvauceli,42
Devlen,Biddell,dbiddell4d@ca.gov,sailboat,Madoqua kirkii,32
Marian,Dasent,mdasent4e@paginegialle.it,RV,Recurvirostra avosetta,89
Pebrook,Linfield,plinfield4f@admin.ch,motorboat,Macaca nemestrina,35
Basilio,Trethowan,btrethowan4g@statcounter.com,sailboat,Coluber constrictor,32
Giffer,Abethell,gabethell4h@issuu.com,bicycle,Taxidea taxus,58
Krystalle,Flatte,kflatte4i@economist.com,campervan,unavailable,74
Adena,Beades,abeades4j@geocities.com,bicycle,Geochelone elegans,33
Dotty,Bardwell,dbardwell4k@pagesperso-orange.fr,sailboat,Aonyx capensis,28
Philippe,Lawly,plawly4l@disqus.com,sailboat,Bison bison,6
Ethelyn,Belton,ebelton4m@domainmarket.com,sailboat,Ovis ammon,99
Dixie,Katzmann,dkatzmann4n@jalbum.net,RV,Amphibolurus barbatus,50
Nicko,Henderson,nhenderson4o@wiley.com,RV,Platalea leucordia,4
Nola,Bronger,nbronger4p@w3.org,bicycle,Picoides pubescens,65
Clary,Stobbie,cstobbie4q@ezinearticles.com,motorboat,Rangifer tarandus,47
Isiahi,Meineken,imeineken4r@nsw.gov.au,sailboat,Cebus apella,4
Justin,Trevino,jtrevino4s@latimes.com,sailboat,Pituophis melanaleucus,11
Ford,Nunnery,fnunnery4t@amazon.com,RV,Nasua nasua,47
Charlean,Croxley,ccroxley4u@omniture.com,motorboat,Francolinus coqui,24
Ranna,Spataro,rspataro4v@fastcompany.com,campervan,Dasyurus maculatus,13
Aurie,Haddock,ahaddock4w@symantec.com,bicycle,Chlamydosaurus kingii,77
Vladamir,Das,vdas4x@cmu.edu,sailboat,Marmota monax,67
Abe,Tilburn,atilburn4y@merriam-webster.com,sailboat,Hydrochoerus hydrochaeris,48
Vinny,Leere,vleere4z@pbs.org,campervan,Buteo galapagoensis,63
Jenna,Finessy,jfinessy50@sitemeter.com,RV,Mycteria leucocephala,52
Florence,Feechum,ffeechum51@sina.com.cn,RV,Coendou prehensilis,45
Tymothy,Boulsher,tboulsher52@t.co,RV,Paradoxurus hermaphroditus,75
Antone,Grinaway,agrinaway53@amazon.co.uk,bicycle,Butorides striatus,70
Lesley,Tarr,ltarr54@geocities.jp,RV,Psophia viridis,59
Rocky,Clace,rclace55@sbwire.com,sailboat,Tetracerus quadricornis,61
Patricio,Hrus,phrus56@ox.ac.uk,campervan,Taxidea taxus,80
Imelda,Craney,icraney57@purevolume.com,bicycle,Pelecanus occidentalis,63
Maximilian,Ravenshaw,mravenshaw58@mysql.com,RV,Potorous tridactylus,58
Baron,Quartermaine,bquartermaine59@ning.com,bicycle,Dacelo novaeguineae,92
Lauree,Leacy,lleacy5a@yolasite.com,sailboat,Crotalus adamanteus,33
Brina,Hedlestone,bhedlestone5b@comcast.net,motorboat,Choloepus hoffmani,26
Hayward,Winyard,hwinyard5c@unc.edu,campervan,Marmota flaviventris,81
Umeko,Padbury,upadbury5d@google.it,RV,Cereopsis novaehollandiae,98
Ilyssa,Orrock,iorrock5e@php.net,RV,Sarcophilus harrisii,55
Roselin,Loftus,rloftus5f@mlb.com,RV,Chordeiles minor,3
Nettie,Dominighi,ndominighi5g@usda.gov,RV,Damaliscus dorcas,34
Tabatha,McQuirk,tmcquirk5h@etsy.com,RV,Chlamydosaurus kingii,78
Cullen,Pymer,cpymer5i@eepurl.com,bicycle,Macropus agilis,46
Guendolen,Blaschek,gblaschek5j@example.com,RV,Eumetopias jubatus,35
Caryl,Rigardeau,crigardeau5k@nih.gov,campervan,Spermophilus lateralis,96
Ruthe,McGeffen,rmcgeffen5l@shinystat.com,RV,Pycnonotus nigricans,58
April,Tripp,atripp5m@exblog.jp,RV,Pan troglodytes,74
Cordelie,Boulter,cboulter5n@hhs.gov,RV,Mazama gouazoubira,37
Tabina,Gerasch,tgerasch5o@artisteer.com,campervan,Tamandua tetradactyla,88
Sula,Blabey,sblabey5p@wordpress.com,motorboat,Chordeiles minor,74
Shoshanna,McCorrie,smccorrie5q@arstechnica.com,bicycle,Ovis ammon,5
Brynn,Denys,bdenys5r@aboutads.info,campervan,Streptopelia decipiens,8
Nicky,Paffot,npaffot5s@dot.gov,campervan,Gyps bengalensis,94
Mag,Slaight,mslaight5t@ezinearticles.com,RV,Vanellus sp.,8
Agnola,Morrel,amorrel5u@networkadvertising.org,sailboat,Pavo cristatus,16
Clayton,Swalough,cswalough5v@ebay.com,motorboat,Chlamydosaurus kingii,61
Emilia,Brozek,ebrozek5w@theatlantic.com,campervan,Dasyprocta leporina,82
D'arcy,Judgkins,djudgkins5x@indiegogo.com,sailboat,Notechis semmiannulatus,100
Harli,Adlington,hadlington5y@devhub.com,sailboat,Felis wiedi or Leopardus weidi,82
Rosalynd,Crebbin,rcrebbin5z@archive.org,sailboat,Gyps fulvus,1
Arturo,Wheelband,awheelband60@theatlantic.com,sailboat,Salvadora hexalepis,67
Colly,Nuscha,cnuscha61@xrea.com,bicycle,Bassariscus astutus,52
Adelina,Bold,abold62@eventbrite.com,sailboat,Sarcorhamphus papa,92
Pippa,Sansome,psansome63@dion.ne.jp,motorboat,Deroptyus accipitrinus,18
Lancelot,Crocket,lcrocket64@uiuc.edu,sailboat,Macropus fuliginosus,84
Amos,O'Gavin,aogavin65@bigcartel.com,motorboat,Tachyglossus aculeatus,89
Eustacia,Cotes,ecotes66@disqus.com,RV,Neotis denhami,65
Bartholomew,Youson,byouson67@issuu.com,motorboat,Felis caracal,20
Daffi,Cowoppe,dcowoppe68@webeden.co.uk,RV,Varanus sp.,63
Edouard,Loudwell,eloudwell69@ycombinator.com,sailboat,Cereopsis novaehollandiae,96
Eimile,Fleeman,efleeman6a@stanford.edu,sailboat,Kobus defassa,92
Everard,Jacquet,ejacquet6b@free.fr,RV,Passer domesticus,23
Marianne,Childrens,mchildrens6c@whitehouse.gov,bicycle,Heloderma horridum,65
Baxter,Beckinsale,bbeckinsale6d@japanpost.jp,motorboat,Eurocephalus anguitimens,24
Leann,Hucklesby,lhucklesby6e@cyberchimps.com,motorboat,Grus antigone,26
Thomasine,Sherwin,tsherwin6f@timesonline.co.uk,sailboat,Spermophilus tridecemlineatus,29
Aleda,Blower,ablower6g@statcounter.com,motorboat,Macaca mulatta,50
Artair,Greenly,agreenly6h@si.edu,motorboat,Tayassu tajacu,3
Aurelia,Bunning,abunning6i@taobao.com,motorboat,Phalaropus fulicarius,65
Dugald,Steadman,dsteadman6j@youtube.com,RV,Cacatua galerita,32
Carolyne,Dand,cdand6k@aol.com,campervan,Neophron percnopterus,28
Gerianna,Deverill,gdeverill6l@cnbc.com,bicycle,Agkistrodon piscivorus,7
Bevan,Sent,bsent6m@aboutads.info,sailboat,Mungos mungo,29
Dyanne,Hankard,dhankard6n@smugmug.com,bicycle,Balearica pavonina,26
Risa,Povele,rpovele6o@amazon.co.jp,motorboat,Capreolus capreolus,96
Queenie,Yushankin,qyushankin6p@oakley.com,bicycle,Pseudalopex gymnocercus,5
Filip,Clemmow,fclemmow6q@sphinn.com,motorboat,Castor fiber,79
Cirilo,Dewes,cdewes6r@cnn.com,bicycle,Scolopax minor,59
Horten,Lorait,hlorait6s@hhs.gov,sailboat,Canis mesomelas,15
Morty,Stancer,mstancer6t@fema.gov,motorboat,Vanessa indica,47
Corny,Addey,caddey6u@discovery.com,bicycle,Bucephala clangula,68
Jonie,Alelsandrowicz,jalelsandrowicz6v@amazon.com,RV,Columba palumbus,23
Zarla,Gabotti,zgabotti6w@fc2.com,RV,Capra ibex,57
Nicolai,Fugere,nfugere6x@fda.gov,sailboat,Tenrec ecaudatus,93
Nikita,Kitchinghan,nkitchinghan6y@theatlantic.com,motorboat,Geochelone elephantopus,28
Jamima,Waddingham,jwaddingham6z@umich.edu,motorboat,Ardea cinerea,52
Alard,O'Kuddyhy,aokuddyhy70@i2i.jp,motorboat,Tiliqua scincoides,36
Bird,Niemetz,bniemetz71@salon.com,sailboat,unavailable,32
Blithe,Gellion,bgellion72@mail.ru,RV,Dasypus novemcinctus,70
Brig,Cratere,bcratere73@walmart.com,sailboat,Papio ursinus,37
Amby,Noads,anoads74@virginia.edu,sailboat,Felis caracal,19
Sissy,Murdie,smurdie75@npr.org,bicycle,Streptopelia senegalensis,31
Fredrika,Noble,fnoble76@miibeian.gov.cn,RV,Gymnorhina tibicen,5
Rafi,Pettman,rpettman77@google.com,sailboat,Myotis lucifugus,88
Novelia,Titman,ntitman78@exblog.jp,RV,Speotyte cuniculata,41
Jeffy,Cutill,jcutill79@360.cn,motorboat,Thalasseus maximus,62
Sibeal,Screaton,sscreaton7a@dagondesign.com,motorboat,Sciurus vulgaris,60
Wynnie,Reignould,wreignould7b@intel.com,motorboat,Dusicyon thous,87
Merridie,Luna,mluna7c@aol.com,motorboat,Lutra canadensis,86
Stuart,Ruddin,sruddin7d@cbc.ca,RV,Litrocranius walleri,11
Olympia,Echelle,oechelle7e@unicef.org,RV,Propithecus verreauxi,67
Vivien,Gosson,vgosson7f@businessweek.com,sailboat,Ceratotherium simum,35
Leese,O'Heneghan,loheneghan7g@nbcnews.com,RV,Zalophus californicus,15
Joly,Lucius,jlucius7h@hc360.com,bicycle,Crax sp.,3
Parnell,Sikorski,psikorski7i@marriott.com,motorboat,Crax sp.,38
Eberhard,Spooner,espooner7j@hatena.ne.jp,campervan,Isoodon obesulus,65
Templeton,Deporte,tdeporte7k@disqus.com,sailboat,Isoodon obesulus,40
Brewer,Stoyle,bstoyle7l@gravatar.com,motorboat,Vulpes chama,38
Jamison,Elderidge,jelderidge7m@hud.gov,campervan,Zonotrichia capensis,9
Celene,Longega,clongega7n@arstechnica.com,sailboat,Giraffe camelopardalis,30
Branden,Beavon,bbeavon7o@go.com,campervan,Papio cynocephalus,37
Ruthanne,Dundendale,rdundendale7p@reverbnation.com,bicycle,Choloepus hoffmani,23
Joeann,Yateman,jyateman7q@yahoo.co.jp,campervan,Sciurus vulgaris,47
Sutherland,Yter,syter7r@instagram.com,bicycle,Irania gutteralis,29
Guilbert,Werendell,gwerendell7s@adobe.com,motorboat,Bradypus tridactylus,65
Coretta,Stenett,cstenett7t@businessinsider.com,motorboat,Canis lupus,31
Kendre,Iozefovich,kiozefovich7u@auda.org.au,bicycle,Chlidonias leucopterus,45
Henderson,Scutts,hscutts7v@biblegateway.com,RV,Acanthaster planci,34
Junie,Sarginson,jsarginson7w@1und1.de,motorboat,Centrocercus urophasianus,74
Benedetto,Knewstubb,bknewstubb7x@reddit.com,campervan,Eubalaena australis,38
Amelie,Gellert,agellert7y@blogtalkradio.com,motorboat,Zosterops pallidus,63
Rubin,Beedom,rbeedom7z@jugem.jp,RV,Rangifer tarandus,35
Charlot,Franz-Schoninger,cfranzschoninger80@ask.com,bicycle,Lepilemur rufescens,99
Jarrod,Meadmore,jmeadmore81@geocities.jp,RV,Hymenolaimus malacorhynchus,78
Kerstin,Godbald,kgodbald82@a8.net,sailboat,Snycerus caffer,43
Zedekiah,Agus,zagus83@hud.gov,motorboat,unavailable,50
Onfroi,Faire,ofaire84@google.co.uk,RV,Dipodomys deserti,12
Caritta,Garret,cgarret85@php.net,sailboat,Alcelaphus buselaphus cokii,30
Kimberlee,Glidder,kglidder86@cdbaby.com,motorboat,Carduelis uropygialis,14
Cesare,Goodbody,cgoodbody87@ft.com,campervan,Leptoptilus dubius,54
Baudoin,Chicchelli,bchicchelli88@jimdo.com,RV,Cynictis penicillata,21
Fannie,Skippon,fskippon89@sakura.ne.jp,motorboat,Neophoca cinerea,33
Natal,Heersma,nheersma8a@sfgate.com,campervan,Bison bison,2
Ardyce,Chill,achill8b@comsenz.com,sailboat,Neotis denhami,18
Zeke,Jayme,zjayme8c@flickr.com,motorboat,Pelecanus conspicillatus,69
Gisele,Johanchon,gjohanchon8d@51.la,motorboat,Phalaropus lobatus,1
Amii,Fulks,afulks8e@earthlink.net,sailboat,Leptoptilus dubius,91
Danella,McCrackem,dmccrackem8f@fc2.com,RV,Semnopithecus entellus,99
Will,Devonside,wdevonside8g@blogs.com,RV,Hyaena hyaena,30
Marta,Barrs,mbarrs8h@tumblr.com,RV,Varanus sp.,32
Giusto,Dyshart,gdyshart8i@stanford.edu,sailboat,Coluber constrictor foxii,15
Willie,Uzielli,wuzielli8j@latimes.com,sailboat,Crocodylus niloticus,5
Henry,Cardon,hcardon8k@nbcnews.com,bicycle,Anthropoides paradisea,42
Thurston,Kennelly,tkennelly8l@vistaprint.com,campervan,Cracticus nigroagularis,80
Sutton,Arbuckle,sarbuckle8m@guardian.co.uk,sailboat,Boa caninus,8
Carlin,Blondin,cblondin8n@typepad.com,sailboat,Canis mesomelas,15
Shaw,O' Mahony,somahony8o@hexun.com,bicycle,Irania gutteralis,4
Elisabetta,Imloch,eimloch8p@bluehost.com,campervan,Nesomimus trifasciatus,99
Genovera,Rabjohns,grabjohns8q@google.ru,bicycle,Eolophus roseicapillus,22
Karna,Fullard,kfullard8r@discovery.com,sailboat,unavailable,2
Rosa,Stockow,rstockow8s@businessweek.com,bicycle,Egretta thula,99
Marie,Ismay,mismay8t@xrea.com,sailboat,Tragelaphus strepsiceros,47
Dara,Strand,dstrand8u@amazon.co.uk,motorboat,Hystrix cristata,7
Bobbye,Stubbs,bstubbs8v@salon.com,RV,Speothos vanaticus,21
Luciana,Woodroof,lwoodroof8w@ibm.com,motorboat,Neophoca cinerea,87
Sterling,Rickards,srickards8x@abc.net.au,motorboat,Libellula quadrimaculata,85
Benedetta,Seamons,bseamons8y@yellowbook.com,campervan,Leprocaulinus vipera,70
Mirilla,Sallis,msallis8z@businesswire.com,sailboat,Buteo regalis,44
Tucker,Bentick,tbentick90@si.edu,RV,Mycteria leucocephala,39
Eberhard,Baldin,ebaldin91@latimes.com,bicycle,Bos frontalis,87
Bendite,Cordie,bcordie92@apache.org,campervan,Diceros bicornis,50
Ania,Gannaway,agannaway93@intel.com,motorboat,Zalophus californicus,53
Vernen,Rowett,vrowett94@senate.gov,motorboat,Acrobates pygmaeus,100
Randi,Fannon,rfannon95@facebook.com,bicycle,Porphyrio porphyrio,72
Christyna,Ponting,cponting96@wordpress.org,campervan,Aegypius occipitalis,96
Merell,Norvell,mnorvell97@cloudflare.com,RV,Dicrostonyx groenlandicus,46
Roberta,Keepe,rkeepe98@g.co,RV,Corvus albicollis,72
Aguie,Insole,ainsole99@icq.com,motorboat,Cereopsis novaehollandiae,29
Brooke,Flear,bflear9a@squidoo.com,campervan,Turtur chalcospilos,27
Rurik,MacPhail,rmacphail9b@miitbeian.gov.cn,sailboat,Cynictis penicillata,57
Gladi,Broader,gbroader9c@dailymail.co.uk,RV,Bugeranus caruncalatus,25
Cally,Ableson,cableson9d@ed.gov,motorboat,Coendou prehensilis,57
Calida,Godbald,cgodbald9e@digg.com,RV,Mirounga leonina,39
Kirby,Winear,kwinear9f@wikia.com,campervan,Corvus albus,97
Magdalen,Sneezum,msneezum9g@sfgate.com,sailboat,Agkistrodon piscivorus,32
Helen-elizabeth,Wisham,hwisham9h@reddit.com,motorboat,Ursus americanus,78
Dante,Purchon,dpurchon9i@jimdo.com,RV,Macropus robustus,4
Amerigo,Franses,afranses9j@foxnews.com,sailboat,Scolopax minor,38
Tiebout,Govini,tgovini9k@fc2.com,bicycle,Chlidonias leucopterus,7
Alexi,Poutress,apoutress9l@utexas.edu,campervan,Chionis alba,76
Roselin,Stanwix,rstanwix9m@tamu.edu,RV,Cebus apella,82
Seana,Baudry,sbaudry9n@ibm.com,campervan,Actophilornis africanus,98
Tobias,Banbrook,tbanbrook9o@rediff.com,campervan,Papio ursinus,1
Ann,Lauritzen,alauritzen9p@ucsd.edu,bicycle,Loris tardigratus,29
Andrej,Boat,aboat9q@e-recht24.de,campervan,Mellivora capensis,30
Trey,Lyokhin,tlyokhin9r@ameblo.jp,bicycle,Genetta genetta,25
Sandy,Labbati,slabbati9s@patch.com,bicycle,Oxybelis fulgidus,89
Norina,Stollenbeck,nstollenbeck9t@gravatar.com,campervan,Vulpes vulpes,89
Ruthanne,Kitchenham,rkitchenham9u@washington.edu,RV,Sterna paradisaea,44
Loraine,Terry,lterry9v@webnode.com,bicycle,Pytilia melba,57
Carena,Spelsbury,cspelsbury9w@sohu.com,motorboat,Oryx gazella,62
Dominick,Ravenshear,dravenshear9x@engadget.com,campervan,unavailable,49
Marti,Hastewell,mhastewell9y@domainmarket.com,campervan,Mellivora capensis,98
Antoine,Harker,aharker9z@slashdot.org,RV,Aegypius tracheliotus,41
Lindsey,Fantini,lfantinia0@netlog.com,campervan,Speotyte cuniculata,5
Gilemette,Geere,ggeerea1@clickbank.net,RV,Tyto novaehollandiae,49
George,MacGorrie,gmacgorriea2@tripadvisor.com,sailboat,unavailable,82
Leoine,Bawcock,lbawcocka3@wunderground.com,sailboat,Mephitis mephitis,1
Mamie,Cuddon,mcuddona4@thetimes.co.uk,sailboat,Tiliqua scincoides,69
Schuyler,Drillingcourt,sdrillingcourta5@google.pl,motorboat,Nesomimus trifasciatus,35
Robena,Donwell,rdonwella6@noaa.gov,sailboat,Felis pardalis,28
Dario,Bardsley,dbardsleya7@ox.ac.uk,campervan,Cynomys ludovicianus,8
Herschel,Swinburne,hswinburnea8@google.es,campervan,Dusicyon thous,5
Artemis,Orr,aorra9@prlog.org,motorboat,Chelodina longicollis,26
Obie,Mathison,omathisonaa@privacy.gov.au,motorboat,Pteropus rufus,51
Charis,Cuppitt,ccuppittab@google.pl,sailboat,Buteo galapagoensis,64
Angil,Britzius,abritziusac@so-net.ne.jp,sailboat,Tyto novaehollandiae,86
Juliet,Sings,jsingsad@chron.com,motorboat,Phascogale calura,32
Tyler,Matthaus,tmatthausae@mozilla.com,motorboat,Corvus albus,46
Gav,McGriffin,gmcgriffinaf@phoca.cz,sailboat,Vulpes vulpes,19
Marielle,Fanthom,mfanthomag@java.com,campervan,Cervus canadensis,18
Vanessa,Rahl,vrahlah@mediafire.com,motorboat,Phascogale tapoatafa,75
Alexandrina,Mournian,amournianai@fda.gov,motorboat,Eudromia elegans,36
Nicolette,Hadaway,nhadawayaj@github.io,sailboat,Stercorarius longicausus,37
Rorie,Riddel,rriddelak@unc.edu,RV,Alouatta seniculus,30
Markos,Mintoff,mmintoffal@ibm.com,sailboat,Macropus rufogriseus,76
Sophia,Hatchman,shatchmanam@storify.com,motorboat,Anastomus oscitans,92
Biddy,Francomb,bfrancomban@tinyurl.com,RV,Macropus fuliginosus,87
Friederike,Branch,fbranchao@uiuc.edu,motorboat,Petaurus breviceps,60
Joana,MacDougal,jmacdougalap@dmoz.org,campervan,Hippotragus equinus,25
Truda,Berkowitz,tberkowitzaq@devhub.com,RV,Ploceus rubiginosus,12
Rolph,Philip,rphilipar@cpanel.net,campervan,Crotalus cerastes,2
Jacquelin,Pickup,jpickupas@ocn.ne.jp,motorboat,Chlamydosaurus kingii,72
Walt,McFeat,wmcfeatat@moonfruit.com,motorboat,Zenaida asiatica,93
Micky,Peyes,mpeyesau@ow.ly,campervan,Meles meles,17
Odella,Gowland,ogowlandav@pen.io,bicycle,Carduelis uropygialis,62
Archibald,Clapham,aclaphamaw@privacy.gov.au,campervan,Ara ararauna,70
Franni,Ealles,feallesax@thetimes.co.uk,campervan,Iguana iguana,47
Romain,Boseley,rboseleyay@phoca.cz,campervan,Bucephala clangula,27
Lissie,Soal,lsoalaz@thetimes.co.uk,RV,Trichosurus vulpecula,72
Arron,Maris,amarisb0@theglobeandmail.com,sailboat,Milvago chimachima,11
Evie,Cowen,ecowenb1@youtu.be,motorboat,Ardea cinerea,100
Adlai,Stothert,astothertb2@redcross.org,motorboat,Laniarius ferrugineus,4
Frannie,Millberg,fmillbergb3@redcross.org,campervan,Meles meles,91
Caleb,Lauchlan,clauchlanb4@newyorker.com,motorboat,Cygnus buccinator,74
Liza,Scarr,lscarrb5@hostgator.com,RV,Tragelaphus scriptus,58
Gallard,Alway,galwayb6@army.mil,sailboat,Estrilda erythronotos,37
Jonell,Lamont,jlamontb7@mit.edu,campervan,Mazama gouazoubira,48
Kathleen,Fitzsymonds,kfitzsymondsb8@zdnet.com,campervan,Phalaropus fulicarius,59
Geraldine,Niaves,gniavesb9@chron.com,bicycle,Vombatus ursinus,57
Hermia,Colpus,hcolpusba@pinterest.com,motorboat,Eremophila alpestris,6
Pet,Gregori,pgregoribb@statcounter.com,campervan,Graspus graspus,68
Kristen,Batchelor,kbatchelorbc@photobucket.com,bicycle,Columba palumbus,22
Rowen,McVie,rmcviebd@facebook.com,RV,Phascogale tapoatafa,31
Brucie,Goscar,bgoscarbe@jiathis.com,campervan,Pseudocheirus peregrinus,5
Gratia,Morley,gmorleybf@hc360.com,motorboat,Dacelo novaeguineae,4
Pamela,Camamile,pcamamilebg@qq.com,campervan,Podargus strigoides,34
Penrod,Graddell,pgraddellbh@time.com,motorboat,Macaca fuscata,100
Libbie,Kamena,lkamenabi@thetimes.co.uk,motorboat,Mephitis mephitis,61
Viviyan,Poynton,vpoyntonbj@ox.ac.uk,sailboat,Gyps fulvus,90
Zeke,Vignal,zvignalbk@state.gov,campervan,Eutamias minimus,82
Dru,Ryrie,dryriebl@alexa.com,sailboat,Cervus unicolor,75
Lyman,Reedie,lreediebm@hp.com,RV,Trachyphonus vaillantii,58
Kerry,Moine,kmoinebn@psu.edu,sailboat,Otaria flavescens,70
Ferne,Pehrsson,fpehrssonbo@time.com,motorboat,Papio ursinus,5
Melessa,Arney,marneybp@newyorker.com,sailboat,Chelodina longicollis,92
Ondrea,Tunney,otunneybq@dell.com,motorboat,Paradoxurus hermaphroditus,80
Wilmer,Brunet,wbrunetbr@home.pl,campervan,Lamprotornis nitens,81
Byran,Jzhakov,bjzhakovbs@harvard.edu,RV,Marmota flaviventris,3
Abram,Pash,apashbt@alibaba.com,RV,Chlidonias leucopterus,22
Faina,Dumingos,fdumingosbu@globo.com,campervan,Ursus americanus,62
Reade,Burdell,rburdellbv@alibaba.com,RV,Gyps fulvus,78
Lowrance,Sharpous,lsharpousbw@gmpg.org,bicycle,Ctenophorus ornatus,63
Nomi,Dimmock,ndimmockbx@usgs.gov,campervan,Gabianus pacificus,84
Petunia,Renals,prenalsby@toplist.cz,motorboat,Diomedea irrorata,74
Alessandra,Harbor,aharborbz@addtoany.com,sailboat,Cervus duvauceli,80
Ondrea,Clymo,oclymoc0@epa.gov,campervan,Meleagris gallopavo,51
Leonhard,Bartelli,lbartellic1@economist.com,campervan,Hystrix cristata,20
Kelcey,Antat,kantatc2@hhs.gov,motorboat,Rangifer tarandus,35
Roddie,Cattenach,rcattenachc3@ask.com,motorboat,Egretta thula,35
Willy,Bonson,wbonsonc4@tinyurl.com,RV,Canis lupus,11
Alleyn,Tomczykiewicz,atomczykiewiczc5@msu.edu,motorboat,Phalaropus lobatus,27
Haslett,Bartul,hbartulc6@dedecms.com,bicycle,Lasiodora parahybana,22
Emelita,Whye,ewhyec7@hatena.ne.jp,bicycle,Trichosurus vulpecula,80
Bili,Northen,bnorthenc8@google.co.uk,RV,Amphibolurus barbatus,66
Dolli,Labrow,dlabrowc9@networkadvertising.org,RV,Larus novaehollandiae,62
Maury,Swatland,mswatlandca@meetup.com,bicycle,Diomedea irrorata,47
Putnem,Ismail,pismailcb@ft.com,sailboat,Rhea americana,60
Raoul,Clemmitt,rclemmittcc@blogspot.com,bicycle,Aquila chrysaetos,13
Austina,McElrea,amcelreacd@lulu.com,sailboat,Gyps bengalensis,95
Verney,Arndtsen,varndtsence@timesonline.co.uk,RV,Cynictis penicillata,70
Hieronymus,Goody,hgoodycf@state.gov,campervan,Heloderma horridum,28
Iosep,Lettuce,ilettucecg@uiuc.edu,bicycle,Actophilornis africanus,53
Hunter,Woltering,hwolteringch@a8.net,sailboat,Dasypus septemcincus,67
Harri,Thornborrow,hthornborrowci@accuweather.com,RV,Haematopus ater,20
Gisela,McBeth,gmcbethcj@apple.com,sailboat,Plectopterus gambensis,19
Bent,Mc Meekan,bmcmeekanck@biglobe.ne.jp,campervan,Cacatua tenuirostris,44
Rogerio,Beri,rbericl@npr.org,RV,Bassariscus astutus,69
Sonnie,Kingescot,skingescotcm@microsoft.com,bicycle,Corythornis cristata,34
Zachery,Guppey,zguppeycn@wsj.com,bicycle,Damaliscus dorcas,24
Ronnie,Januszewski,rjanuszewskico@jiathis.com,motorboat,Hippotragus niger,24
Cassandra,Volker,cvolkercp@github.io,sailboat,Actophilornis africanus,8
Genia,Castella,gcastellacq@theglobeandmail.com,sailboat,Phoenicopterus ruber,55
Olivia,Hambling,ohamblingcr@omniture.com,RV,Cebus apella,46
Sandie,Binny,sbinnycs@nature.com,campervan,Myotis lucifugus,54
Charmion,Worts,cwortsct@goodreads.com,motorboat,Pan troglodytes,54
Breanne,Dennett,bdennettcu@360.cn,sailboat,Crotaphytus collaris,13
Packston,Kerwick,pkerwickcv@zimbio.com,campervan,Tayassu pecari,79
Vittorio,Took,vtookcw@businessweek.com,motorboat,Helogale undulata,23
Henrik,Heimann,hheimanncx@xinhuanet.com,campervan,Cebus apella,86
Chickie,Baistow,cbaistowcy@dot.gov,sailboat,Acanthaster planci,51
Wildon,Sibary,wsibarycz@loc.gov,campervan,Grus antigone,49
Temp,Timbridge,ttimbridged0@wix.com,sailboat,Macropus rufogriseus,2
Kari,Goulbourn,kgoulbournd1@diigo.com,sailboat,Toxostoma curvirostre,69
Shara,Christophers,schristophersd2@nih.gov,motorboat,Felis chaus,59
Zorina,McAughtry,zmcaughtryd3@mysql.com,sailboat,Papio cynocephalus,51
Sigrid,Klampk,sklampkd4@wsj.com,sailboat,Bettongia penicillata,36
Marcia,Phillip,mphillipd5@ow.ly,sailboat,Ateles paniscus,84
Sayre,Shurmore,sshurmored6@last.fm,campervan,Rhea americana,40
Fraze,Bryson,fbrysond7@google.de,RV,Macropus agilis,70
Billi,Keary,bkearyd8@drupal.org,sailboat,Dasyurus maculatus,83
Edie,Trustram,etrustramd9@creativecommons.org,RV,Lybius torquatus,92
Hilton,Robez,hrobezda@msu.edu,motorboat,Rangifer tarandus,34
Riobard,Fletcher,rfletcherdb@latimes.com,bicycle,Funambulus pennati,71
Delainey,Shawcroft,dshawcroftdc@aol.com,campervan,Actophilornis africanus,36
Catherina,Casaccia,ccasacciadd@gnu.org,sailboat,Rhabdomys pumilio,18
Karlis,Roskeilly,kroskeillyde@mapquest.com,bicycle,Spermophilus tridecemlineatus,80
Agnella,Durnford,adurnforddf@shop-pro.jp,sailboat,Uraeginthus granatina,68
Linzy,Flieger,lfliegerdg@spiegel.de,campervan,Sula dactylatra,4
Coralyn,Kincey,ckinceydh@usda.gov,campervan,Microcebus murinus,10
Norry,Given,ngivendi@squidoo.com,RV,Pseudalopex gymnocercus,43
Carolynn,Ricardo,cricardodj@creativecommons.org,campervan,Zosterops pallidus,89
Franky,Charity,fcharitydk@jalbum.net,bicycle,Nyctereutes procyonoides,85
Tomasina,Felderer,tfeldererdl@blogspot.com,campervan,Uraeginthus angolensis,19
Janelle,MacGiolla,jmacgiolladm@comsenz.com,sailboat,Creagrus furcatus,11
Rivy,Tilt,rtiltdn@issuu.com,RV,Felis yagouaroundi,5
Innis,Avramow,iavramowdo@newyorker.com,bicycle,Globicephala melas,59
Debbi,Leaburn,dleaburndp@ucoz.ru,motorboat,Bassariscus astutus,64
Frederic,Acton,factondq@ft.com,motorboat,Drymarchon corias couperi,21
Way,Simpkiss,wsimpkissdr@squarespace.com,bicycle,Estrilda erythronotos,3
Bill,Hugnot,bhugnotds@ft.com,sailboat,Trichoglossus chlorolepidotus,98
Kris,Dearth,kdearthdt@flavors.me,sailboat,Panthera leo,95
Angelico,Grellier,agrellierdu@sphinn.com,motorboat,Otocyon megalotis,21
Shurlocke,Beacock,sbeacockdv@samsung.com,bicycle,Macropus eugenii,91
Annelise,Killigrew,akilligrewdw@cornell.edu,motorboat,Haliaeetus leucoryphus,21
Leanna,Ivanin,livanindx@dyndns.org,motorboat,Cynomys ludovicianus,91
Kalle,Besque,kbesquedy@upenn.edu,bicycle,Phalacrocorax carbo,42
Brook,Newdick,bnewdickdz@cbc.ca,motorboat,Cynictis penicillata,7
Nicol,Sandlin,nsandline0@fastcompany.com,motorboat,Oreotragus oreotragus,78
Tallia,Roostan,troostane1@shareasale.com,RV,Felis caracal,48
Tad,McTrustie,tmctrustiee2@nasa.gov,motorboat,Haliaetus leucogaster,8
Celestyna,Behnke,cbehnkee3@economist.com,bicycle,Oxybelis sp.,77
Devlin,Esparza,desparzae4@domainmarket.com,sailboat,Ara macao,52
Bryan,Stuck,bstucke5@mayoclinic.com,bicycle,Acrantophis madagascariensis,18
Dirk,Edmondson,dedmondsone6@msu.edu,campervan,Tiliqua scincoides,12
Nadiya,Adame,nadamee7@census.gov,bicycle,Sus scrofa,28
Artus,Keslake,akeslakee8@naver.com,motorboat,Felis silvestris lybica,61
Adelbert,Spellsworth,aspellsworthe9@flickr.com,sailboat,Felis wiedi or Leopardus weidi,80
Kandace,Adamczyk,kadamczykea@state.gov,sailboat,Irania gutteralis,99
Angeline,Shepstone,ashepstoneeb@skyrock.com,bicycle,Nyctanassa violacea,55
Bartholomew,Fazakerley,bfazakerleyec@devhub.com,sailboat,Phalacrocorax varius,99
Ximenes,Downe,xdowneed@about.me,bicycle,Ara ararauna,58
Elmore,Stanyland,estanylandee@miibeian.gov.cn,campervan,Thamnolaea cinnmomeiventris,16
Shell,Creggan,scregganef@huffingtonpost.com,sailboat,Fregata magnificans,4
Karlotta,Flawn,kflawneg@army.mil,motorboat,Chauna torquata,39
Lynette,Islip,lislipeh@barnesandnoble.com,motorboat,Callipepla gambelii,51
Lyndy,Gouny,lgounyei@cpanel.net,campervan,Paroaria gularis,63
Hallsy,Scrigmour,hscrigmourej@opensource.org,motorboat,Dacelo novaeguineae,12
Hilliary,Haward,hhawardek@nih.gov,bicycle,Ardea cinerea,38
Patrice,Houseley,phouseleyel@redcross.org,motorboat,Gyps bengalensis,4
Tobias,Moggle,tmoggleem@uol.com.br,bicycle,Perameles nasuta,38
Morgana,Gray,mgrayen@java.com,motorboat,Chauna torquata,67
Rochester,Martynikhin,rmartynikhineo@qq.com,RV,Chlidonias leucopterus,7
Damon,Marchington,dmarchingtonep@berkeley.edu,motorboat,Phasianus colchicus,88
Deb,Powdrill,dpowdrilleq@hexun.com,bicycle,Butorides striatus,94
Max,Askin,maskiner@a8.net,campervan,Chauna torquata,47
Everett,Raselles,eraselleses@clickbank.net,bicycle,Funambulus pennati,1
Matelda,Baltrushaitis,mbaltrushaitiset@stumbleupon.com,bicycle,Lybius torquatus,56
Appolonia,O'Bradden,aobraddeneu@engadget.com,campervan,Zenaida asiatica,33
Estelle,Greening,egreeningev@lulu.com,sailboat,Canis mesomelas,7
Gilberte,Adamec,gadamecew@twitpic.com,bicycle,Certotrichas paena,29
Son,Spavins,sspavinsex@ox.ac.uk,sailboat,Felis silvestris lybica,81
Lion,Valentine,lvalentineey@e-recht24.de,sailboat,Lamprotornis nitens,72
Giffer,Baccup,gbaccupez@studiopress.com,RV,Theropithecus gelada,26
Anson,Vevers,aveversf0@army.mil,campervan,Limosa haemastica,29
Stacy,Sussams,ssussamsf1@etsy.com,bicycle,Rhabdomys pumilio,24
Jenny,Anstice,jansticef2@gravatar.com,campervan,Recurvirostra avosetta,37
Rutledge,Shilburne,rshilburnef3@umn.edu,campervan,Papio cynocephalus,69
Boigie,Sorey,bsoreyf4@reddit.com,sailboat,Amazona sp.,86
Dawna,Dymond,ddymondf5@unesco.org,sailboat,Papio cynocephalus,2
Iolanthe,Enser,ienserf6@rakuten.co.jp,motorboat,Crotaphytus collaris,63
Dru,Postians,dpostiansf7@oracle.com,campervan,Cebus nigrivittatus,69
Jenda,Guinane,jguinanef8@usa.gov,motorboat,Choriotis kori,46
Myles,Wardingly,mwardinglyf9@zdnet.com,RV,Redunca redunca,33
Alexander,Cleall,acleallfa@jigsy.com,sailboat,Catharacta skua,59
Catherine,Domelow,cdomelowfb@live.com,sailboat,Ctenophorus ornatus,21
Callean,Scade,cscadefc@cnet.com,campervan,Panthera leo persica,87
Cory,Kaysor,ckaysorfd@miitbeian.gov.cn,bicycle,Ovis dalli stonei,37
Orella,Toland,otolandfe@mtv.com,sailboat,Dusicyon thous,2
Kelvin,Isaksen,kisaksenff@dailymotion.com,sailboat,Phoenicopterus ruber,25
Gerti,Crucitti,gcrucittifg@netscape.com,campervan,Corallus hortulanus cooki,44
Revkah,Jime,rjimefh@smugmug.com,bicycle,Dasyurus maculatus,43
Barbie,Capron,bcapronfi@geocities.com,sailboat,Acridotheres tristis,5
Hall,Buglass,hbuglassfj@springer.com,bicycle,Papio cynocephalus,69
Georgeta,Kesteven,gkestevenfk@odnoklassniki.ru,sailboat,Camelus dromedarius,94
Paul,Carding,pcardingfl@umn.edu,motorboat,Orcinus orca,57
Jackie,Crutcher,jcrutcherfm@phoca.cz,RV,Helogale undulata,57
D'arcy,Stiegar,dstiegarfn@abc.net.au,RV,Chauna torquata,9
Randall,Gwillym,rgwillymfo@skyrock.com,sailboat,Taurotagus oryx,82
Berthe,Eshelby,beshelbyfp@vinaora.com,RV,Oreotragus oreotragus,22
Theressa,Mixon,tmixonfq@jalbum.net,campervan,Macaca mulatta,31
Theodosia,Pellew,tpellewfr@trellian.com,bicycle,Phalaropus fulicarius,64
Susette,Bath,sbathfs@rediff.com,sailboat,Varanus salvator,68
Gabi,Hawford,ghawfordft@kickstarter.com,RV,Tachybaptus ruficollis,16
Jourdan,Pittock,jpittockfu@dion.ne.jp,motorboat,Dusicyon thous,10
Izak,Tassel,itasselfv@wp.com,motorboat,Speotyte cuniculata,72
Lorianne,Rickerby,lrickerbyfw@economist.com,RV,Buteo galapagoensis,52
Vicky,Tremblot,vtremblotfx@senate.gov,campervan,Nycticorax nycticorax,81
Corbie,Savine,csavinefy@sogou.com,motorboat,Coluber constrictor,76
Kally,Fergyson,kfergysonfz@usda.gov,bicycle,Bubo virginianus,9
Rosabel,Cayser,rcayserg0@goo.gl,sailboat,Cereopsis novaehollandiae,75
Nev,Farfalameev,nfarfalameevg1@odnoklassniki.ru,bicycle,Leptoptilus dubius,68
Doreen,McNair,dmcnairg2@jigsy.com,campervan,Zenaida galapagoensis,58
Veronica,Brereton,vbreretong3@wordpress.com,sailboat,Parus atricapillus,49
Sarge,Nutton,snuttong4@purevolume.com,sailboat,Laniarius ferrugineus,28
Any,Igonet,aigonetg5@npr.org,RV,Marmota monax,18
Jorrie,Toombes,jtoombesg6@cornell.edu,campervan,Equus burchelli,75
Shermie,Godier,sgodierg7@cam.ac.uk,RV,Stenella coeruleoalba,31
Salli,Nesfield,snesfieldg8@earthlink.net,RV,Myrmecobius fasciatus,52
Neil,Gilcriest,ngilcriestg9@bigcartel.com,bicycle,Ctenophorus ornatus,61
Farleigh,Skehens,fskehensga@weather.com,motorboat,Terrapene carolina,38
Vin,Rembaud,vrembaudgb@printfriendly.com,sailboat,Tachyglossus aculeatus,18
Gordan,Gosnell,ggosnellgc@w3.org,campervan,Larus dominicanus,9
Demetria,Verick,dverickgd@wunderground.com,RV,unavailable,52
Sayers,O'Reagan,soreagange@themeforest.net,RV,Tachyglossus aculeatus,58
Odelinda,Bigadike,obigadikegf@sphinn.com,motorboat,Bucorvus leadbeateri,65
Dorothea,Kalf,dkalfgg@desdev.cn,RV,Cordylus giganteus,75
Heddi,Sproule,hsproulegh@vimeo.com,RV,Echimys chrysurus,78
Galvan,Rothermel,grothermelgi@reddit.com,RV,Nasua narica,21
Sibilla,Latey,slateygj@friendfeed.com,campervan,Larus dominicanus,74
Edgardo,Colaton,ecolatongk@hugedomains.com,sailboat,Capreolus capreolus,99
Bradley,Chatenet,bchatenetgl@pagesperso-orange.fr,RV,Tachyglossus aculeatus,41
Arney,Symson,asymsongm@amazonaws.com,sailboat,Didelphis virginiana,19
Josiah,Loeber,jloebergn@linkedin.com,sailboat,Panthera leo,90
Gaye,Newlands,gnewlandsgo@freewebs.com,bicycle,Semnopithecus entellus,32
Tallia,Sholem,tsholemgp@over-blog.com,motorboat,Sula nebouxii,78
Lynna,Szantho,lszanthogq@hhs.gov,bicycle,Tursiops truncatus,3
Patience,Abeles,pabelesgr@live.com,bicycle,Odocoileus hemionus,44
Judi,Bowles,jbowlesgs@xrea.com,RV,Physignathus cocincinus,95
Hyacinth,Andres,handresgt@macromedia.com,campervan,Columba palumbus,44
Lauren,Fannin,lfanningu@jiathis.com,RV,Uraeginthus granatina,65
Graham,Greenhall,ggreenhallgv@cnn.com,RV,Antechinus flavipes,66
Berty,Greeson,bgreesongw@google.it,RV,Felis caracal,92
Camilla,Kohn,ckohngx@nps.gov,bicycle,Canis aureus,18
Berti,Rainger,braingergy@dedecms.com,RV,Cercopithecus aethiops,66
Jerry,Pisculli,jpisculligz@wikia.com,sailboat,Lamprotornis nitens,2
Tallou,Hoyland,thoylandh0@clickbank.net,RV,Panthera leo,1
Waneta,Scobbie,wscobbieh1@bandcamp.com,sailboat,Hymenolaimus malacorhynchus,1
Flem,Preist,fpreisth2@senate.gov,sailboat,Cochlearius cochlearius,96
Dev,Wethered,dwetheredh3@telegraph.co.uk,bicycle,Eudromia elegans,96
Bonny,McGall,bmcgallh4@printfriendly.com,campervan,Oryx gazella,68
Eulalie,Craister,ecraisterh5@timesonline.co.uk,motorboat,Cereopsis novaehollandiae,88
Allie,Meran,ameranh6@feedburner.com,sailboat,Hyaena hyaena,98
Addi,D'Ambrosi,adambrosih7@trellian.com,campervan,Pseudoleistes virescens,33
Niels,Cleaver,ncleaverh8@sun.com,RV,Vulpes chama,70
Tess,McSharry,tmcsharryh9@hc360.com,bicycle,Caiman crocodilus,45
Charita,Capner,ccapnerha@istockphoto.com,motorboat,Sylvicapra grimma,21
Alain,Baythrop,abaythrophb@posterous.com,sailboat,Isoodon obesulus,1
Bethina,Leaf,bleafhc@mail.ru,motorboat,Zenaida asiatica,89
Jessalin,Clemendet,jclemendethd@bizjournals.com,sailboat,Chamaelo sp.,21
Thomasa,Simmank,tsimmankhe@auda.org.au,motorboat,Sarkidornis melanotos,97
Gloriane,Aldhous,galdhoushf@google.it,bicycle,Lasiodora parahybana,31
Ulla,Rubenfeld,urubenfeldhg@epa.gov,motorboat,Limnocorax flavirostra,71
Billie,Tsarovic,btsarovichh@chicagotribune.com,RV,Spizaetus coronatus,65
Ulysses,Rundle,urundlehi@behance.net,bicycle,Gyps bengalensis,6
Ambrosius,Sawer,asawerhj@miitbeian.gov.cn,sailboat,Petaurus breviceps,100
Birch,Baudone,bbaudonehk@opera.com,campervan,Lepus arcticus,26
Trudie,Tour,ttourhl@dedecms.com,campervan,Geochelone elegans,28
Griffith,Paaso,gpaasohm@behance.net,RV,Tragelaphus angasi,39
Wit,Konmann,wkonmannhn@hexun.com,motorboat,Neotis denhami,44
Grazia,Netley,gnetleyho@cargocollective.com,campervan,Bubalornis niger,42
Erena,Stooders,estoodershp@com.com,sailboat,Bubalus arnee,55
Kirstin,Klimowski,kklimowskihq@digg.com,motorboat,Lycosa godeffroyi,31
Murielle,Rostron,mrostronhr@xrea.com,RV,Fulica cristata,35
Harlen,Resdale,hresdalehs@google.co.jp,campervan,Macaca fuscata,43
Wynn,Pascho,wpaschoht@cdc.gov,RV,Zenaida asiatica,71
Rois,Radmore,rradmorehu@amazon.co.uk,campervan,Castor canadensis,56
Arlina,Ernshaw,aernshawhv@prlog.org,motorboat,Coluber constrictor,79
Ruddy,Halkyard,rhalkyardhw@privacy.gov.au,sailboat,Phalacrocorax carbo,33
Neala,Circuit,ncircuithx@smugmug.com,campervan,Sula nebouxii,75
Bridie,Konrad,bkonradhy@google.cn,bicycle,Nyctanassa violacea,97
Kristy,Scurr,kscurrhz@deviantart.com,motorboat,Ardea golieth,5
Brunhilda,Leebetter,bleebetteri0@spotify.com,bicycle,Acridotheres tristis,94
Barret,Cornborough,bcornboroughi1@auda.org.au,bicycle,Odocoilenaus virginianus,50
Cordie,O'Doran,codorani2@gmpg.org,bicycle,Smithopsis crassicaudata,39
Jaime,Reedy,jreedyi3@bigcartel.com,RV,Paraxerus cepapi,29
Trish,Dudill,tdudilli4@a8.net,bicycle,Bucorvus leadbeateri,75
Melita,Castelow,mcastelowi5@woothemes.com,sailboat,Capra ibex,76
Joeann,Redhole,jredholei6@barnesandnoble.com,bicycle,Haliaetus vocifer,52
Abbey,Sutheran,asutherani7@yale.edu,RV,Potorous tridactylus,74
Worthy,Dumsday,wdumsdayi8@diigo.com,sailboat,Cordylus giganteus,26
Janet,Pitkaithly,jpitkaithlyi9@privacy.gov.au,motorboat,Aonyx cinerea,8
Claudell,Dobie,cdobieia@example.com,sailboat,Corvus albicollis,80
Currey,Brun,cbrunib@sun.com,campervan,Tayassu pecari,64
Dell,Axtonne,daxtonneic@friendfeed.com,campervan,Merops nubicus,2
Karlie,Binion,kbinionid@w3.org,bicycle,Ourebia ourebi,25
Franz,Glanvill,fglanvillie@loc.gov,campervan,Gopherus agassizii,100
Anson,Kovalski,akovalskiif@quantcast.com,campervan,Columba palumbus,21
Guinna,Johnigan,gjohniganig@un.org,motorboat,Dusicyon thous,11
Siward,Hughland,shughlandih@people.com.cn,RV,Melanerpes erythrocephalus,66
Zonnya,Edgett,zedgettii@cloudflare.com,RV,Vulpes chama,18
Andonis,Danks,adanksij@sphinn.com,motorboat,Felis serval,75
Ambrosius,Bigham,abighamik@ustream.tv,RV,Melursus ursinus,25
Herby,Bridie,hbridieil@amazon.com,bicycle,Coluber constrictor foxii,80
Kelly,Dexter,kdexterim@home.pl,RV,Alcelaphus buselaphus cokii,56
Inga,Millthorpe,imillthorpein@storify.com,bicycle,Melursus ursinus,67
Kendra,Wiggett,kwiggettio@fda.gov,bicycle,Ara ararauna,37
Johanna,Beaumont,jbeaumontip@bizjournals.com,motorboat,Corvus albicollis,77
Bryce,Boarder,bboarderiq@buzzfeed.com,campervan,Corvus brachyrhynchos,58
Alessandro,Shirrell,ashirrellir@sciencedirect.com,sailboat,Vanessa indica,51
Ruperto,Weeden,rweedenis@cam.ac.uk,motorboat,Kobus leche robertsi,93
Doro,Driutti,ddriuttiit@accuweather.com,campervan,Cochlearius cochlearius,45
Fleurette,Stroyan,fstroyaniu@mac.com,motorboat,Lama glama,91
Domini,Poulston,dpoulstoniv@odnoklassniki.ru,bicycle,Terrapene carolina,32
Garret,Gwinnel,ggwinneliw@google.fr,campervan,Cochlearius cochlearius,34
Yorker,Bucky,ybuckyix@smugmug.com,sailboat,Bettongia penicillata,40
Ikey,Goodyer,igoodyeriy@netvibes.com,motorboat,Marmota caligata,67
Eleonore,Carnegy,ecarnegyiz@ask.com,RV,Agkistrodon piscivorus,96
Josey,Greetland,jgreetlandj0@squidoo.com,campervan,Oryx gazella,85
Kirsten,Bassil,kbassilj1@goo.gl,RV,Streptopelia senegalensis,77
Wilmer,Dockwra,wdockwraj2@yolasite.com,bicycle,Aegypius tracheliotus,61
Ulises,Sowerby,usowerbyj3@washington.edu,sailboat,Morelia spilotes variegata,33
Darryl,Louth,dlouthj4@w3.org,bicycle,Ratufa indica,10
Welch,Bastiman,wbastimanj5@t.co,bicycle,Ciconia ciconia,24
Ernesto,Guillain,eguillainj6@sbwire.com,motorboat,Felis silvestris lybica,99
Elisha,Stivens,estivensj7@imdb.com,bicycle,Varanus salvator,76
Elisabetta,Armatidge,earmatidgej8@independent.co.uk,bicycle,Ovibos moschatus,17
Wain,Huton,whutonj9@globo.com,motorboat,Paroaria gularis,100
Linette,Hauger,lhaugerja@artisteer.com,RV,Ratufa indica,93
Allyson,Armstrong,aarmstrongjb@nhs.uk,bicycle,Anas punctata,73
Helene,De Winton,hdewintonjc@wikimedia.org,bicycle,Varanus sp.,3
Zora,Bosche,zboschejd@amazon.com,sailboat,Buteo galapagoensis,65
Marja,Esgate,mesgateje@altervista.org,bicycle,Tockus flavirostris,60
Philly,Stibbs,pstibbsjf@vk.com,motorboat,Gekko gecko,14
Robinett,Tift,rtiftjg@dedecms.com,bicycle,Bettongia penicillata,5
Cecil,Skyner,cskynerjh@cbsnews.com,bicycle,Dasypus novemcinctus,50
Ker,Juliano,kjulianoji@geocities.jp,motorboat,Psophia viridis,55
Carena,Cuffin,ccuffinjj@soup.io,sailboat,Anthropoides paradisea,19
Marsiella,Emburey,membureyjk@bloomberg.com,bicycle,Spermophilus richardsonii,91
Amye,Ullyatt,aullyattjl@xrea.com,RV,Ninox superciliaris,13
Federico,Latter,flatterjm@psu.edu,motorboat,Colobus guerza,43
Johnath,Perris,jperrisjn@tinypic.com,motorboat,Martes americana,78
Zachariah,Vasyanin,zvasyaninjo@elegantthemes.com,bicycle,Hippopotamus amphibius,36
Ally,MacCurlye,amaccurlyejp@baidu.com,sailboat,Phylurus milli,32
Aidan,McGowran,amcgowranjq@senate.gov,RV,Buteo galapagoensis,16
Alejandro,Kibble,akibblejr@latimes.com,motorboat,Speothos vanaticus,22
Keene,Worswick,kworswickjs@twitter.com,sailboat,Plectopterus gambensis,75
Harmonie,Bennie,hbenniejt@scientificamerican.com,motorboat,Ardea golieth,72
Shantee,Stubbley,sstubbleyju@parallels.com,sailboat,Dasypus novemcinctus,19
Standford,Olenov,solenovjv@senate.gov,motorboat,Sula dactylatra,24
Merwyn,Ajean,majeanjw@over-blog.com,RV,Cyrtodactylus louisiadensis,24
Shannah,Yirrell,syirrelljx@nih.gov,bicycle,Potorous tridactylus,62
Lynnea,Lillyman,llillymanjy@topsy.com,RV,Tayassu pecari,3
Ruperto,Rappoport,rrappoportjz@wordpress.org,sailboat,Egretta thula,98
Jannelle,Colby,jcolbyk0@netvibes.com,sailboat,Colaptes campestroides,21
Novelia,Wabe,nwabek1@icq.com,motorboat,Zosterops pallidus,3
Jobey,Egglestone,jegglestonek2@tiny.cc,motorboat,Phoenicopterus ruber,68
Cherice,Hubert,chubertk3@techcrunch.com,sailboat,Macropus robustus,56
Valene,Wimpenny,vwimpennyk4@examiner.com,motorboat,Naja haje,96
Kendal,Gulliford,kgullifordk5@pcworld.com,bicycle,Platalea leucordia,87
Margarita,McCathie,mmccathiek6@ocn.ne.jp,RV,Redunca redunca,27
Stafford,Joao,sjoaok7@rambler.ru,RV,Alopex lagopus,35
Brent,Saltsberg,bsaltsbergk8@a8.net,motorboat,Macropus rufogriseus,96
Stephenie,Kick,skickk9@illinois.edu,bicycle,Lutra canadensis,46
Zulema,Cosgreave,zcosgreaveka@typepad.com,bicycle,Vanellus chilensis,8
Tera,Ridsdell,tridsdellkb@networkadvertising.org,RV,Cracticus nigroagularis,18
Donavon,Bone,dbonekc@networksolutions.com,sailboat,Gyps bengalensis,11
Brennen,Jerrems,bjerremskd@360.cn,bicycle,Helogale undulata,93
Siobhan,Sutworth,ssutworthke@washingtonpost.com,motorboat,Antechinus flavipes,77
Penelope,Bromidge,pbromidgekf@purevolume.com,campervan,Choriotis kori,39
Jana,Stennet,jstennetkg@hud.gov,sailboat,Equus hemionus,67
Brandy,Hamsley,bhamsleykh@businessweek.com,campervan,Panthera pardus,85
Drona,Grzelczak,dgrzelczakki@wunderground.com,bicycle,Tyto novaehollandiae,71
Gaelan,Carlton,gcarltonkj@blogs.com,RV,Ornithorhynchus anatinus,20
Olympia,Kunzel,okunzelkk@topsy.com,sailboat,unavailable,27
Judon,Worvell,jworvellkl@symantec.com,campervan,Lasiorhinus latifrons,1
Berget,Suff,bsuffkm@hatena.ne.jp,sailboat,Odocoilenaus virginianus,91
Trenna,Premble,tpremblekn@com.com,bicycle,Snycerus caffer,99
Lurette,Detoc,ldetocko@dailymail.co.uk,bicycle,Anas bahamensis,19
Lexie,O'Hannigan,lohannigankp@spiegel.de,campervan,Crocodylus niloticus,54
Britteny,McBeth,bmcbethkq@answers.com,RV,Gopherus agassizii,60
Alard,Townrow,atownrowkr@disqus.com,bicycle,Axis axis,77
Ronica,Walworth,rwalworthks@unc.edu,RV,Butorides striatus,40
Palmer,MacNeilly,pmacneillykt@webmd.com,motorboat,unavailable,55
Roxine,Washtell,rwashtellku@weibo.com,motorboat,Rhea americana,25
Ebenezer,Buxsy,ebuxsykv@skype.com,bicycle,Pavo cristatus,10
Maybelle,Stoffler,mstofflerkw@google.com.br,motorboat,Tockus erythrorhyncus,43
Livy,Mithon,lmithonkx@quantcast.com,RV,Ovis ammon,4
Carey,Squirrel,csquirrelky@imgur.com,motorboat,Passer domesticus,36
Annetta,Peotz,apeotzkz@springer.com,bicycle,Eudyptula minor,23
Fey,Marshalleck,fmarshalleckl0@wikia.com,motorboat,Choloepus hoffmani,100
Jedediah,Farnworth,jfarnworthl1@kickstarter.com,bicycle,Lorythaixoides concolor,4
Haley,Guerry,hguerryl2@lycos.com,sailboat,Tachyglossus aculeatus,44
Delainey,Hitschke,dhitschkel3@wired.com,motorboat,Sylvilagus floridanus,36
Maridel,Drayn,mdraynl4@sourceforge.net,motorboat,Macropus parryi,85
Joellyn,Bale,jbalel5@un.org,bicycle,Hippopotamus amphibius,87
Zed,Peek,zpeekl6@livejournal.com,campervan,Fratercula corniculata,11
Violet,Scraney,vscraneyl7@yellowbook.com,sailboat,Pavo cristatus,87
Jillene,Yarker,jyarkerl8@va.gov,campervan,Ceratotherium simum,75
Julienne,Sydes,jsydesl9@networksolutions.com,RV,Vulpes vulpes,97
Tabby,McGrann,tmcgrannla@yolasite.com,RV,Ovis dalli stonei,58
Rutter,Cabrara,rcabraralb@printfriendly.com,motorboat,Centrocercus urophasianus,33
Bessie,McCanny,bmccannylc@sogou.com,bicycle,Trichoglossus haematodus moluccanus,44
Iago,McIndrew,imcindrewld@bravesites.com,motorboat,Eolophus roseicapillus,5
Dawna,Clandillon,dclandillonle@cafepress.com,bicycle,Tamiasciurus hudsonicus,12
Amye,Bowgen,abowgenlf@amazon.com,sailboat,Francolinus coqui,24
Griselda,Crebo,gcrebolg@eventbrite.com,motorboat,Macropus rufogriseus,26
Benedicta,Bridgestock,bbridgestocklh@va.gov,RV,Aonyx cinerea,82
Norman,Luby,nlubyli@cbsnews.com,bicycle,Podargus strigoides,47
Dorice,Wraight,dwraightlj@bigcartel.com,motorboat,Macropus eugenii,25
Hatti,Portch,hportchlk@reuters.com,motorboat,Varanus sp.,74
Matteo,Florence,mflorencell@soundcloud.com,campervan,Phacochoerus aethiopus,2
Sheela,MacDermand,smacdermandlm@hostgator.com,RV,Larus fuliginosus,32
Jervis,Benezet,jbenezetln@amazon.de,bicycle,Cebus apella,79
Paloma,Slafford,pslaffordlo@cloudflare.com,motorboat,Colobus guerza,23
Jason,Warboy,jwarboylp@bandcamp.com,bicycle,Seiurus aurocapillus,70
Milzie,Cotmore,mcotmorelq@fastcompany.com,bicycle,Connochaetus taurinus,27
Karalee,Methley,kmethleylr@themeforest.net,bicycle,Tachybaptus ruficollis,84
Mara,Deverall,mdeverallls@scientificamerican.com,bicycle,Mustela nigripes,69
Alicia,Baytrop,abaytroplt@mac.com,sailboat,Macropus agilis,84
Donovan,Weagener,dweagenerlu@wix.com,motorboat,unavailable,71
Etienne,Grimsley,egrimsleylv@gov.uk,bicycle,Laniaurius atrococcineus,39
Harv,Bunson,hbunsonlw@slate.com,campervan,Eutamias minimus,79
Ainslee,Londors,alondorslx@skyrock.com,motorboat,Geochelone radiata,11
Vanessa,Whitby,vwhitbyly@reddit.com,bicycle,Anas bahamensis,69
Lebbie,Kadwallider,lkadwalliderlz@thetimes.co.uk,bicycle,Marmota flaviventris,40
Jami,Schrinel,jschrinelm0@deliciousdays.com,RV,Bos taurus,55
Rogers,Wyper,rwyperm1@msn.com,campervan,Vulpes chama,96
Archaimbaud,Westlake,awestlakem2@weibo.com,sailboat,Estrilda erythronotos,24
Tallulah,Ambrosoli,tambrosolim3@flickr.com,motorboat,Laniaurius atrococcineus,44
Nichols,Summerrell,nsummerrellm4@wiley.com,sailboat,Gabianus pacificus,46
Aurelie,Ingolotti,aingolottim5@topsy.com,campervan,Papio cynocephalus,67
Shari,Hooks,shooksm6@ca.gov,bicycle,Tragelaphus strepsiceros,61
Edeline,Polleye,epolleyem7@google.de,sailboat,Terrapene carolina,46
Janean,Spinella,jspinellam8@trellian.com,RV,Dasyurus maculatus,20
Melisenda,Brookton,mbrooktonm9@altervista.org,bicycle,Thamnolaea cinnmomeiventris,78
Filberte,Gallymore,fgallymorema@friendfeed.com,RV,Grus rubicundus,67
Jarrid,Spuner,jspunermb@ebay.com,bicycle,Spermophilus richardsonii,49
Merci,Patchett,mpatchettmc@msu.edu,motorboat,Uraeginthus granatina,96
Orelia,Jewkes,ojewkesmd@rakuten.co.jp,RV,Laniaurius atrococcineus,47
Seth,Jodrellec,sjodrellecme@google.cn,RV,unavailable,21
Tierney,Philippeaux,tphilippeauxmf@sun.com,motorboat,unavailable,55
Reinhard,Schaffel,rschaffelmg@sohu.com,motorboat,Macaca mulatta,50
Aveline,Nail,anailmh@hexun.com,bicycle,Martes americana,91
Robenia,Elkington,relkingtonmi@google.fr,RV,Chelodina longicollis,78
Oliviero,Lambell,olambellmj@ted.com,motorboat,Diceros bicornis,53
Ancell,Itzchaky,aitzchakymk@taobao.com,RV,Giraffe camelopardalis,19
Claudine,Ellice,celliceml@cdbaby.com,RV,Mazama gouazoubira,51
Carlotta,Maccari,cmaccarimm@economist.com,campervan,Litrocranius walleri,84
Riannon,Alesi,ralesimn@typepad.com,bicycle,Geococcyx californianus,40
Sapphira,Keuning,skeuningmo@squidoo.com,motorboat,Pelecanus occidentalis,54
Raimund,Barneveld,rbarneveldmp@arstechnica.com,sailboat,Dusicyon thous,91
Carmella,Sherbrook,csherbrookmq@tinypic.com,motorboat,Hippotragus equinus,54
Fan,Pennrington,fpennringtonmr@oakley.com,RV,Ara chloroptera,55
Ivory,Celler,icellerms@epa.gov,sailboat,Cebus albifrons,82
Oralia,Renne,orennemt@youtu.be,bicycle,Streptopelia senegalensis,16
Stormie,Paylie,spayliemu@ed.gov,bicycle,Choloepus hoffmani,83
Starlene,Potticary,spotticarymv@diigo.com,bicycle,Pelecanus occidentalis,24
Georgena,McKue,gmckuemw@bigcartel.com,bicycle,Lamprotornis superbus,59
Donnie,Buggs,dbuggsmx@sbwire.com,campervan,Cercatetus concinnus,41
Siobhan,Basile,sbasilemy@washingtonpost.com,bicycle,Nucifraga columbiana,87
Cammi,Heugh,cheughmz@yahoo.co.jp,sailboat,Gopherus agassizii,45
Marjie,Coucha,mcouchan0@ucsd.edu,campervan,Ara macao,19
Flossy,Phython,fphythonn1@ehow.com,RV,Drymarchon corias couperi,15
Emera,Darragon,edarragonn2@digg.com,motorboat,Bradypus tridactylus,32
Jere,Ferraron,jferraronn3@com.com,RV,Leptoptilus dubius,11
Lou,Cartan,lcartann4@loc.gov,campervan,Colobus guerza,2
Laughton,Stallibrass,lstallibrassn5@typepad.com,motorboat,Erinaceus frontalis,7
Roman,Nettleship,rnettleshipn6@prweb.com,campervan,Conolophus subcristatus,35
Banky,Goskar,bgoskarn7@xrea.com,RV,Ninox superciliaris,86
Nicoli,Gurwood,ngurwoodn8@netscape.com,sailboat,Semnopithecus entellus,1
Theresina,Lowten,tlowtenn9@shinystat.com,RV,Orcinus orca,75
Bartholomew,Bufton,bbuftonna@chicagotribune.com,RV,Uraeginthus bengalus,75
Orelia,Brahan,obrahannb@ted.com,bicycle,Corvus brachyrhynchos,66
Emma,Foxworthy,efoxworthync@ca.gov,sailboat,Pedetes capensis,5
Karlotte,Kik,kkiknd@privacy.gov.au,campervan,Martes americana,78
Langsdon,Larmour,llarmourne@wikispaces.com,sailboat,Spermophilus tridecemlineatus,77
Barclay,Trulocke,btrulockenf@dyndns.org,motorboat,Anser caerulescens,52
Johan,Bernardi,jbernarding@hexun.com,sailboat,Sarkidornis melanotos,14
Jennee,Oldrey,joldreynh@4shared.com,sailboat,Phoenicopterus ruber,78
Kippar,Garling,kgarlingni@weibo.com,campervan,Columba palumbus,97
Lorinda,Hammer,lhammernj@princeton.edu,bicycle,Ammospermophilus nelsoni,60
Johan,Kesterton,jkestertonnk@dion.ne.jp,sailboat,Corvus albicollis,73
Olympie,Glossup,oglossupnl@hp.com,RV,Larus fuliginosus,71
Josey,Kharchinski,jkharchinskinm@paypal.com,campervan,Canis aureus,30
Artemis,Klaaasen,aklaaasennn@ted.com,campervan,Crocodylus niloticus,43
Abie,Scouse,ascouseno@columbia.edu,campervan,Tockus erythrorhyncus,94
Murdoch,Uridge,muridgenp@usa.gov,RV,Centrocercus urophasianus,50
Austine,Cape,acapenq@ebay.com,campervan,unavailable,75
Peggie,Ghidoli,pghidolinr@istockphoto.com,RV,Galago crassicaudataus,67
Edsel,Falkous,efalkousns@cyberchimps.com,sailboat,Uraeginthus angolensis,84
Niall,Possel,nposselnt@pagesperso-orange.fr,motorboat,Axis axis,1
Eleonora,Caldera,ecalderanu@mapquest.com,sailboat,Lama pacos,46
Perkin,Hedon,phedonnv@mail.ru,sailboat,Eolophus roseicapillus,96
Dory,Jacquest,djacquestnw@auda.org.au,sailboat,Semnopithecus entellus,87
Denis,Mullaly,dmullalynx@wired.com,campervan,Gyps bengalensis,49
Lil,Bahlmann,lbahlmannny@cmu.edu,motorboat,Odocoilenaus virginianus,29
Valeria,Lednor,vlednornz@desdev.cn,RV,Antilope cervicapra,63
Beverly,Duggan,bduggano0@g.co,bicycle,Plegadis falcinellus,32
Albertina,Peachman,apeachmano1@cmu.edu,motorboat,Felis wiedi or Leopardus weidi,43
Felicity,Jakubovski,fjakubovskio2@nymag.com,sailboat,Rhabdomys pumilio,15
Lindy,Firk,lfirko3@comcast.net,RV,Spizaetus coronatus,30
Lonna,Klejna,lklejnao4@kickstarter.com,bicycle,Procyon cancrivorus,73
Lyle,Eltune,leltuneo5@webnode.com,RV,Ovis canadensis,95
Letti,Brittin,lbrittino6@house.gov,bicycle,Meles meles,58
Lorene,Hardison,lhardisono7@tiny.cc,RV,Sarkidornis melanotos,52
Mathilde,Meynell,mmeynello8@rakuten.co.jp,bicycle,Larus fuliginosus,23
Farlie,Neilus,fneiluso9@instagram.com,motorboat,Equus burchelli,88
Adel,Simmon,asimmonoa@a8.net,bicycle,Sarkidornis melanotos,48
Margette,Stiggles,mstigglesob@weebly.com,campervan,Paraxerus cepapi,93
Sher,Chasmar,schasmaroc@bing.com,motorboat,Caiman crocodilus,57
Debi,Gwillyam,dgwillyamod@jugem.jp,motorboat,Boa constrictor mexicana,71
Christina,Simonson,csimonsonoe@cisco.com,RV,Trichosurus vulpecula,55
Taite,Langman,tlangmanof@aboutads.info,campervan,Streptopelia senegalensis,35
Corabel,Axby,caxbyog@freewebs.com,campervan,Phalaropus lobatus,51
Crysta,Icom,cicomoh@marketwatch.com,campervan,Sylvicapra grimma,13
Linea,Standage,lstandageoi@abc.net.au,bicycle,unavailable,12
Krista,McLellan,kmclellanoj@sitemeter.com,RV,Platalea leucordia,31
Hermon,Squibb,hsquibbok@creativecommons.org,sailboat,Alectura lathami,4
Nelie,Starcks,nstarcksol@netscape.com,bicycle,Oncorhynchus nerka,12
Eleanore,Benazet,ebenazetom@jiathis.com,RV,Funambulus pennati,55
Camila,Truggian,ctruggianon@nba.com,RV,Castor fiber,30
Tonnie,Creboe,tcreboeoo@cisco.com,RV,Mazama gouazoubira,93
Susi,Askew,saskewop@amazon.com,campervan,Recurvirostra avosetta,38
Austina,Anthona,aanthonaoq@kickstarter.com,bicycle,Agkistrodon piscivorus,82
Park,Worsnip,pworsnipor@typepad.com,sailboat,Ciconia ciconia,78
Cathy,Dimitrescu,cdimitrescuos@guardian.co.uk,bicycle,Oryx gazella,51
Lianna,Founds,lfoundsot@amazon.com,campervan,Castor canadensis,47
Charmaine,Haseman,chasemanou@nhs.uk,campervan,Heloderma horridum,11
Max,Joynt,mjoyntov@goo.gl,bicycle,Pytilia melba,75
Ula,Janny,ujannyow@purevolume.com,sailboat,Nasua narica,2
Blake,McKernan,bmckernanox@simplemachines.org,motorboat,Mazama gouazoubira,1
Giorgia,Andren,gandrenoy@pen.io,RV,Varanus salvator,55
Alix,Gammel,agammeloz@pcworld.com,sailboat,Phalacrocorax niger,99
Nissa,McBrearty,nmcbreartyp0@globo.com,campervan,Gorilla gorilla,31
Keen,Wetheril,kwetherilp1@altervista.org,bicycle,Varanus sp.,94
Andy,Bessom,abessomp2@skyrock.com,bicycle,unavailable,26
Dermot,MacAllaster,dmacallasterp3@altervista.org,campervan,Felis concolor,74
Byram,Eastabrook,beastabrookp4@aol.com,bicycle,Zalophus californicus,97
Edgar,Housby,ehousbyp5@opensource.org,campervan,Panthera leo persica,33
Marwin,Pleaden,mpleadenp6@chicagotribune.com,bicycle,Pteronura brasiliensis,88
Edith,Loft,eloftp7@disqus.com,motorboat,Didelphis virginiana,48
Dredi,Kytter,dkytterp8@pen.io,motorboat,Gazella granti,28
Edmund,Chudleigh,echudleighp9@youku.com,bicycle,Sciurus vulgaris,26
Stephanus,Vondra,svondrapa@nifty.com,campervan,Spermophilus armatus,99
Derk,Brear,dbrearpb@exblog.jp,campervan,Ephipplorhynchus senegalensis,43
Gerianna,Arendt,garendtpc@gizmodo.com,bicycle,Smithopsis crassicaudata,96
Hermie,Jersch,hjerschpd@networkadvertising.org,bicycle,Zonotrichia capensis,71
Judon,Maiklem,jmaiklempe@blinklist.com,campervan,Acrantophis madagascariensis,97
Billye,Caudray,bcaudraypf@webeden.co.uk,campervan,Tadorna tadorna,55
Ivette,Geall,igeallpg@forbes.com,RV,Sarcophilus harrisii,37
Trstram,Wasling,twaslingph@diigo.com,sailboat,Phalacrocorax albiventer,30
Tabina,Dragge,tdraggepi@arstechnica.com,bicycle,Theropithecus gelada,56
Riccardo,McBain,rmcbainpj@1und1.de,bicycle,Milvus migrans,91
Jarrid,Sarten,jsartenpk@trellian.com,bicycle,Climacteris melanura,49
Costa,O'Nowlan,conowlanpl@macromedia.com,RV,Funambulus pennati,92
Karie,Maskew,kmaskewpm@cisco.com,bicycle,Lophoaetus occipitalis,19
Clyve,Candlish,ccandlishpn@wikipedia.org,bicycle,Bettongia penicillata,65
Gerardo,Brabon,gbrabonpo@mtv.com,sailboat,Falco peregrinus,53
Felice,Bramsen,fbramsenpp@fema.gov,bicycle,Canis aureus,31
Nessy,Frude,nfrudepq@ow.ly,sailboat,unavailable,41
Toni,Dumbrell,tdumbrellpr@disqus.com,sailboat,Phalacrocorax albiventer,23
Tracy,Detheridge,tdetheridgeps@blogtalkradio.com,campervan,Podargus strigoides,37
Prescott,Greaterex,pgreaterexpt@bloglines.com,sailboat,Oryx gazella callotis,34
Devan,Giorgeschi,dgiorgeschipu@wikispaces.com,campervan,Lepus townsendii,92
Walton,Hordle,whordlepv@wordpress.com,motorboat,Phalacrocorax albiventer,43
Flossi,Elnor,felnorpw@histats.com,RV,Laniaurius atrococcineus,14
Dolley,Dalgarno,ddalgarnopx@vimeo.com,motorboat,Haliaetus leucogaster,86
Kelley,Brandino,kbrandinopy@ycombinator.com,bicycle,Semnopithecus entellus,6
Artair,Dabel,adabelpz@issuu.com,motorboat,Pelecans onocratalus,36
North,Bedberry,nbedberryq0@cbc.ca,sailboat,Alcelaphus buselaphus caama,88
Jess,Cheetam,jcheetamq1@mozilla.com,campervan,Recurvirostra avosetta,100
Paddy,Riggs,priggsq2@cargocollective.com,campervan,Dasyurus viverrinus,75
Nat,Franz,nfranzq3@parallels.com,motorboat,Haliaetus leucogaster,6
Jelene,Marshalleck,jmarshalleckq4@mlb.com,motorboat,Heloderma horridum,42
Andree,Croft,acroftq5@washington.edu,sailboat,Myrmecophaga tridactyla,30
Rina,Lilie,rlilieq6@bbb.org,motorboat,Phoenicopterus chilensis,50
Kristien,Feifer,kfeiferq7@bandcamp.com,bicycle,Macropus rufus,78
Nefen,Sherrin,nsherrinq8@hugedomains.com,campervan,Climacteris melanura,3
Kristel,Bolton,kboltonq9@merriam-webster.com,campervan,Macropus agilis,99
Rayshell,Clows,rclowsqa@noaa.gov,campervan,Eolophus roseicapillus,27
Ivonne,Bernardeschi,ibernardeschiqb@buzzfeed.com,bicycle,Genetta genetta,41
Kaine,Carrodus,kcarrodusqc@bbb.org,bicycle,Bettongia penicillata,36
Gifford,Bugden,gbugdenqd@eepurl.com,RV,Acrantophis madagascariensis,21
Rutledge,Tithacott,rtithacottqe@lulu.com,campervan,Phascogale calura,90
Hesther,Le Borgne,hleborgneqf@themeforest.net,sailboat,Pycnonotus barbatus,50
Lynea,Swinley,lswinleyqg@phoca.cz,RV,Phalacrocorax varius,34
Holli,Rowcastle,hrowcastleqh@mediafire.com,campervan,Motacilla aguimp,95
Michaelina,Gruby,mgrubyqi@amazonaws.com,bicycle,Lepus arcticus,73
Duncan,Skate,dskateqj@1und1.de,motorboat,Gopherus agassizii,78
Reinaldos,Maeer,rmaeerqk@unblog.fr,campervan,Phasianus colchicus,65
Dolley,Trudgion,dtrudgionql@yandex.ru,motorboat,Camelus dromedarius,32
Karlotte,Eickhoff,keickhoffqm@dagondesign.com,sailboat,Francolinus swainsonii,56
Dorrie,Shrimptone,dshrimptoneqn@bloomberg.com,campervan,Larus dominicanus,53
Katharina,Wellman,kwellmanqo@tiny.cc,sailboat,Francolinus coqui,60
Abdel,Swaffield,aswaffieldqp@ustream.tv,campervan,Bos frontalis,3
Dal,Lippini,dlippiniqq@constantcontact.com,bicycle,Trachyphonus vaillantii,12
Nataniel,Nelthorpe,nnelthorpeqr@bandcamp.com,RV,Ictonyx striatus,65
Jules,Ackenhead,jackenheadqs@nymag.com,sailboat,Leptoptilos crumeniferus,39
Olivia,Covell,ocovellqt@answers.com,campervan,Lemur fulvus,83
Godard,McLorinan,gmclorinanqu@hubpages.com,bicycle,Larus fuliginosus,54
Sondra,Raywood,sraywoodqv@aboutads.info,campervan,Streptopelia senegalensis,74
Frank,Lauret,flauretqw@oakley.com,sailboat,Streptopelia senegalensis,72
Harlie,Lestrange,hlestrangeqx@twitter.com,sailboat,Paradoxurus hermaphroditus,20
Maxim,Faers,mfaersqy@jimdo.com,motorboat,Uraeginthus angolensis,93
Torrey,Kroll,tkrollqz@booking.com,bicycle,Fregata magnificans,66
Carline,Bradberry,cbradberryr0@goodreads.com,RV,Sauromalus obesus,18
Dorris,Barracks,dbarracksr1@wikia.com,motorboat,Colaptes campestroides,5
Jillian,Beine,jbeiner2@eventbrite.com,motorboat,Haliaeetus leucocephalus,32
Dale,Hildrew,dhildrewr3@google.pl,RV,Sarkidornis melanotos,39
Normand,Coulson,ncoulsonr4@phpbb.com,motorboat,Nectarinia chalybea,54
Emylee,Hadwin,ehadwinr5@indiegogo.com,bicycle,Lepus townsendii,30
Niven,Antoni,nantonir6@stanford.edu,RV,Hymenolaimus malacorhynchus,75
Timothea,Deplacido,tdeplacidor7@examiner.com,campervan,Choloepus hoffmani,91
Morton,D'Elias,mdeliasr8@youtube.com,campervan,Alopex lagopus,37
Gran,Sparling,gsparlingr9@cocolog-nifty.com,RV,Acanthaster planci,51
Francisco,Boorne,fboornera@skyrock.com,bicycle,Phoca vitulina,84
Latrina,McCarthy,lmccarthyrb@amazon.co.uk,campervan,Phalacrocorax brasilianus,78
Annabelle,Emmott,aemmottrc@businessinsider.com,bicycle,Iguana iguana,51
Mendie,Aime,maimerd@census.gov,RV,Rhea americana,80
Nevin,Maxstead,nmaxsteadre@cloudflare.com,RV,Streptopelia senegalensis,66
Sayer,Kenwright,skenwrightrf@twitpic.com,campervan,Mycteria ibis,20
Annadiana,Gobeaux,agobeauxrg@tuttocitta.it,motorboat,Plegadis falcinellus,59
Stormi,Troker,strokerrh@imgur.com,RV,Graspus graspus,23
Millisent,Labb,mlabbri@istockphoto.com,motorboat,Propithecus verreauxi,6
Red,Tomczak,rtomczakrj@wikimedia.org,RV,Isoodon obesulus,23
Frans,Wellard,fwellardrk@house.gov,RV,Coluber constrictor,36
Gael,Kennelly,gkennellyrl@sphinn.com,motorboat,Himantopus himantopus,82
Nola,Jeratt,njerattrm@parallels.com,sailboat,Ctenophorus ornatus,29
Waylin,Cowell,wcowellrn@gnu.org,motorboat,Arctogalidia trivirgata,67
Peri,Sivior,psiviorro@businessinsider.com,RV,Tockus flavirostris,75
Monah,Connop,mconnoprp@tripod.com,bicycle,Cereopsis novaehollandiae,58
Bibbye,Dupoy,bdupoyrq@dion.ne.jp,bicycle,Ramphastos tucanus,69
Riane,Tolumello,rtolumellorr@canalblog.com,RV,Manouria emys,7
